timestamp,open_price,high_price,low_price,close_price,volume,num_trades,volume_weighted_price,symbol
2022-12-30 20:59:00+00:00,88.77,88.82,88.73,88.73,7890,71,88.770724,GOOG
2022-12-30 20:58:00+00:00,88.715,88.77,88.71,88.77,4708,65,88.746919,GOOG
2022-12-30 20:57:00+00:00,88.71,88.765,88.7,88.74,4590,53,88.729974,GOOG
2022-12-30 20:56:00+00:00,88.7,88.75,88.67,88.735,5977,88,88.708093,GOOG
2022-12-30 20:55:00+00:00,88.595,88.715,88.595,88.685,2418,40,88.67735,GOOG
2022-12-30 20:54:00+00:00,88.425,88.57,88.4,88.57,3713,36,88.476842,GOOG
2022-12-30 20:53:00+00:00,88.41,88.43,88.41,88.41,1443,19,88.414545,GOOG
2022-12-30 20:52:00+00:00,88.52,88.52,88.4,88.4,1337,16,88.456612,GOOG
2022-12-30 20:51:00+00:00,88.47,88.51,88.47,88.49,1204,18,88.484,GOOG
2022-12-30 20:50:00+00:00,88.38,88.49,88.38,88.47,1749,24,88.452857,GOOG
2022-12-30 20:49:00+00:00,88.3,88.38,88.28,88.38,1672,20,88.319333,GOOG
2022-12-30 20:48:00+00:00,88.29,88.3,88.28,88.3,755,9,88.29,GOOG
2022-12-30 20:47:00+00:00,88.28,88.31,88.27,88.31,367,5,88.286667,GOOG
2022-12-30 20:46:00+00:00,88.24,88.24,88.21,88.21,402,4,88.2325,GOOG
2022-12-30 20:45:00+00:00,88.105,88.2,88.105,88.18,741,8,88.166429,GOOG
2022-12-30 20:44:00+00:00,88.09,88.09,88.09,88.09,302,3,88.09,GOOG
2022-12-30 20:43:00+00:00,88.135,88.135,88.11,88.11,552,7,88.121667,GOOG
2022-12-30 20:42:00+00:00,88.11,88.13,88.105,88.105,683,5,88.112555,GOOG
2022-12-30 20:41:00+00:00,88.09,88.11,88.09,88.11,200,2,88.1,GOOG
2022-12-30 20:38:00+00:00,88.13,88.13,88.12,88.12,465,6,88.1275,GOOG
2022-12-30 20:37:00+00:00,88.14,88.15,88.14,88.15,500,5,88.1425,GOOG
2022-12-30 20:36:00+00:00,88.09,88.11,88.09,88.11,1040,5,88.091923,GOOG
2022-12-30 20:35:00+00:00,88.12,88.12,88.07,88.07,500,5,88.102,GOOG
2022-12-30 20:34:00+00:00,88.07,88.14,88.07,88.14,501,6,88.101,GOOG
2022-12-30 20:33:00+00:00,88.06,88.06,88.06,88.06,209,5,88.06,GOOG
2022-12-30 20:32:00+00:00,88.11,88.11,88.065,88.065,400,5,88.095,GOOG
2022-12-30 20:31:00+00:00,88.06,88.085,88.06,88.085,433,5,88.06625,GOOG
2022-12-30 20:30:00+00:00,87.975,88.08,87.975,88.08,512,7,88.045,GOOG
2022-12-30 20:29:00+00:00,88.035,88.035,87.99,87.99,356,4,88.005,GOOG
2022-12-30 20:28:00+00:00,88.035,88.035,88.035,88.035,187,3,88.035,GOOG
2022-12-30 20:27:00+00:00,87.98,87.98,87.98,87.98,150,2,87.98,GOOG
2022-12-30 20:26:00+00:00,88.03,88.03,88.03,88.03,201,3,88.03,GOOG
2022-12-30 20:25:00+00:00,88.05,88.05,88.01,88.02,609,6,88.033333,GOOG
2022-12-30 20:24:00+00:00,87.99,88.05,87.99,88.05,592,7,88.019106,GOOG
2022-12-30 20:22:00+00:00,88.015,88.015,88.01,88.01,246,4,88.0125,GOOG
2022-12-30 20:21:00+00:00,88.03,88.03,88.03,88.03,100,1,88.03,GOOG
2022-12-30 20:20:00+00:00,88.05,88.07,88.05,88.07,1168,12,88.064545,GOOG
2022-12-30 20:19:00+00:00,88.1,88.1,88.1,88.1,150,2,88.1,GOOG
2022-12-30 20:17:00+00:00,88.12,88.135,88.1,88.135,589,7,88.111727,GOOG
2022-12-30 20:16:00+00:00,88.18,88.2,88.18,88.2,300,3,88.19,GOOG
2022-12-30 20:15:00+00:00,88.07,88.14,88.07,88.14,300,3,88.11,GOOG
2022-12-30 20:13:00+00:00,88.065,88.065,88.065,88.065,218,3,88.065,GOOG
2022-12-30 20:12:00+00:00,88.08,88.15,88.08,88.15,613,6,88.136,GOOG
2022-12-30 20:11:00+00:00,87.985,88.03,87.985,88.03,409,7,88.011667,GOOG
2022-12-30 20:10:00+00:00,87.945,88.0,87.945,88.0,610,6,87.985833,GOOG
2022-12-30 20:09:00+00:00,87.92,87.98,87.92,87.98,647,6,87.945282,GOOG
2022-12-30 20:08:00+00:00,87.92,87.93,87.92,87.93,450,7,87.925,GOOG
2022-12-30 20:07:00+00:00,87.855,87.855,87.855,87.855,100,1,87.855,GOOG
2022-12-30 20:06:00+00:00,87.905,87.905,87.885,87.885,296,4,87.897857,GOOG
2022-12-30 20:05:00+00:00,87.94,87.94,87.925,87.925,780,7,87.9275,GOOG
2022-12-30 20:03:00+00:00,87.89,87.95,87.89,87.95,849,10,87.911928,GOOG
2022-12-30 20:02:00+00:00,87.85,87.85,87.85,87.85,111,2,87.85,GOOG
2022-12-30 19:58:00+00:00,87.63,87.665,87.63,87.665,716,8,87.636303,GOOG
2022-12-30 19:57:00+00:00,87.685,87.69,87.64,87.64,2471,28,87.658958,GOOG
2022-12-30 19:56:00+00:00,87.7,87.7,87.7,87.7,180,2,87.7,GOOG
2022-12-30 19:55:00+00:00,87.665,87.665,87.665,87.665,269,4,87.665,GOOG
2022-12-30 19:54:00+00:00,87.73,87.75,87.73,87.75,200,2,87.74,GOOG
2022-12-30 19:53:00+00:00,87.82,87.82,87.8,87.8,202,3,87.81,GOOG
2022-12-30 19:51:00+00:00,87.68,87.7,87.68,87.7,900,8,87.687778,GOOG
2022-12-30 19:49:00+00:00,87.63,87.63,87.62,87.62,342,6,87.626667,GOOG
2022-12-30 19:48:00+00:00,87.65,87.65,87.63,87.63,852,11,87.639766,GOOG
2022-12-30 19:46:00+00:00,87.695,87.695,87.695,87.695,102,3,87.695,GOOG
2022-12-30 19:45:00+00:00,87.72,87.72,87.72,87.72,202,3,87.72,GOOG
2022-12-30 19:44:00+00:00,87.65,87.67,87.65,87.67,200,2,87.66,GOOG
2022-12-30 19:43:00+00:00,87.65,87.66,87.65,87.66,200,2,87.655,GOOG
2022-12-30 19:42:00+00:00,87.69,87.69,87.69,87.69,105,2,87.69,GOOG
2022-12-30 19:41:00+00:00,87.705,87.705,87.675,87.675,250,4,87.69,GOOG
2022-12-30 19:40:00+00:00,87.69,87.69,87.68,87.68,300,3,87.686667,GOOG
2022-12-30 19:39:00+00:00,87.68,87.71,87.68,87.71,600,5,87.695,GOOG
2022-12-30 19:38:00+00:00,87.68,87.68,87.64,87.64,1031,13,87.663591,GOOG
2022-12-30 19:37:00+00:00,87.645,87.645,87.645,87.645,100,1,87.645,GOOG
2022-12-30 19:36:00+00:00,87.65,87.65,87.65,87.65,100,1,87.65,GOOG
2022-12-30 19:35:00+00:00,87.675,87.675,87.675,87.675,453,6,87.675,GOOG
2022-12-30 19:34:00+00:00,87.68,87.72,87.68,87.7,611,8,87.694,GOOG
2022-12-30 19:33:00+00:00,87.705,87.705,87.705,87.705,101,2,87.705,GOOG
2022-12-30 19:32:00+00:00,87.69,87.69,87.69,87.69,112,3,87.69,GOOG
2022-12-30 19:30:00+00:00,87.62,87.665,87.62,87.665,706,12,87.65,GOOG
2022-12-30 19:29:00+00:00,87.58,87.58,87.58,87.58,100,1,87.58,GOOG
2022-12-30 19:28:00+00:00,87.55,87.55,87.55,87.55,100,1,87.55,GOOG
2022-12-30 19:24:00+00:00,87.52,87.52,87.48,87.48,1100,6,87.502727,GOOG
2022-12-30 19:23:00+00:00,87.49,87.5,87.49,87.5,258,3,87.495,GOOG
2022-12-30 19:22:00+00:00,87.48,87.48,87.48,87.48,101,2,87.48,GOOG
2022-12-30 19:21:00+00:00,87.49,87.49,87.49,87.49,100,1,87.49,GOOG
2022-12-30 19:20:00+00:00,87.5,87.5,87.48,87.48,200,2,87.49,GOOG
2022-12-30 19:15:00+00:00,87.5,87.51,87.47,87.47,1040,12,87.498889,GOOG
2022-12-30 19:14:00+00:00,87.6,87.6,87.55,87.55,712,34,87.575,GOOG
2022-12-30 19:11:00+00:00,87.48,87.48,87.48,87.48,213,2,87.48,GOOG
2022-12-30 19:09:00+00:00,87.48,87.48,87.48,87.48,234,6,87.48,GOOG
2022-12-30 19:08:00+00:00,87.53,87.53,87.53,87.53,243,4,87.53,GOOG
2022-12-30 19:06:00+00:00,87.49,87.55,87.49,87.55,328,2,87.531707,GOOG
2022-12-30 19:05:00+00:00,87.53,87.53,87.48,87.48,320,4,87.496667,GOOG
2022-12-30 19:04:00+00:00,87.52,87.52,87.52,87.52,300,3,87.52,GOOG
2022-12-30 19:03:00+00:00,87.55,87.57,87.55,87.57,431,5,87.5625,GOOG
2022-12-30 19:02:00+00:00,87.595,87.64,87.595,87.64,650,9,87.61875,GOOG
2022-12-30 19:01:00+00:00,87.62,87.62,87.62,87.62,592,6,87.62,GOOG
2022-12-30 19:00:00+00:00,87.65,87.65,87.65,87.65,102,2,87.65,GOOG
2022-12-30 18:59:00+00:00,87.625,87.625,87.625,87.625,101,2,87.625,GOOG
2022-12-30 18:58:00+00:00,87.58,87.61,87.58,87.61,200,2,87.595,GOOG
2022-12-30 18:57:00+00:00,87.6,87.6,87.6,87.6,318,4,87.6,GOOG
2022-12-30 18:56:00+00:00,87.62,87.62,87.6,87.615,400,4,87.61375,GOOG
2022-12-30 18:55:00+00:00,87.66,87.66,87.645,87.645,400,4,87.65625,GOOG
2022-12-30 18:54:00+00:00,87.64,87.67,87.64,87.67,318,6,87.655,GOOG
2022-12-30 18:53:00+00:00,87.56,87.56,87.56,87.56,155,2,87.56,GOOG
2022-12-30 18:52:00+00:00,87.545,87.545,87.545,87.545,170,2,87.545,GOOG
2022-12-30 18:51:00+00:00,87.56,87.56,87.56,87.56,101,2,87.56,GOOG
2022-12-30 18:50:00+00:00,87.53,87.53,87.53,87.53,100,1,87.53,GOOG
2022-12-30 18:48:00+00:00,87.51,87.51,87.51,87.51,118,3,87.51,GOOG
2022-12-30 18:47:00+00:00,87.5,87.5,87.5,87.5,200,3,87.5,GOOG
2022-12-30 18:45:00+00:00,87.54,87.54,87.54,87.54,104,3,87.54,GOOG
2022-12-30 18:44:00+00:00,87.535,87.535,87.535,87.535,144,3,87.535,GOOG
2022-12-30 18:43:00+00:00,87.53,87.53,87.49,87.51,700,6,87.511429,GOOG
2022-12-30 18:42:00+00:00,87.52,87.53,87.52,87.53,468,5,87.5275,GOOG
2022-12-30 18:41:00+00:00,87.51,87.54,87.51,87.54,301,4,87.52,GOOG
2022-12-30 18:40:00+00:00,87.55,87.55,87.55,87.55,100,1,87.55,GOOG
2022-12-30 18:39:00+00:00,87.56,87.57,87.56,87.57,700,7,87.568571,GOOG
2022-12-30 18:38:00+00:00,87.595,87.595,87.595,87.595,200,3,87.595,GOOG
2022-12-30 18:37:00+00:00,87.63,87.63,87.63,87.63,126,2,87.63,GOOG
2022-12-30 18:36:00+00:00,87.66,87.66,87.66,87.66,100,1,87.66,GOOG
2022-12-30 18:35:00+00:00,87.66,87.73,87.66,87.66,900,8,87.698333,GOOG
2022-12-30 18:34:00+00:00,87.66,87.66,87.66,87.66,100,1,87.66,GOOG
2022-12-30 18:33:00+00:00,87.67,87.67,87.67,87.67,100,1,87.67,GOOG
2022-12-30 18:32:00+00:00,87.59,87.59,87.59,87.59,141,2,87.59,GOOG
2022-12-30 18:31:00+00:00,87.58,87.625,87.58,87.625,539,8,87.6075,GOOG
2022-12-30 18:30:00+00:00,87.51,87.575,87.51,87.575,301,4,87.551667,GOOG
2022-12-30 18:27:00+00:00,87.32,87.36,87.32,87.36,602,5,87.34,GOOG
2022-12-30 18:26:00+00:00,87.26,87.28,87.23,87.28,600,7,87.262,GOOG
2022-12-30 18:25:00+00:00,87.31,87.31,87.25,87.25,886,14,87.291429,GOOG
2022-12-30 18:24:00+00:00,87.4,87.4,87.35,87.38,2041,11,87.363884,GOOG
2022-12-30 18:23:00+00:00,87.4,87.4,87.385,87.385,613,8,87.396568,GOOG
2022-12-30 18:22:00+00:00,87.49,87.49,87.46,87.46,364,7,87.476667,GOOG
2022-12-30 18:21:00+00:00,87.58,87.58,87.52,87.52,387,3,87.535504,GOOG
2022-12-30 18:20:00+00:00,87.63,87.63,87.59,87.59,486,6,87.603333,GOOG
2022-12-30 18:19:00+00:00,87.645,87.655,87.64,87.64,1000,7,87.647778,GOOG
2022-12-30 18:18:00+00:00,87.68,87.69,87.68,87.69,821,7,87.68625,GOOG
2022-12-30 18:16:00+00:00,87.68,87.68,87.68,87.68,200,2,87.68,GOOG
2022-12-30 18:13:00+00:00,87.76,87.76,87.76,87.76,309,4,87.76,GOOG
2022-12-30 18:10:00+00:00,87.75,87.75,87.75,87.75,201,2,87.75,GOOG
2022-12-30 18:09:00+00:00,87.82,87.82,87.82,87.82,300,2,87.82,GOOG
2022-12-30 18:02:00+00:00,87.92,87.92,87.84,87.84,215,4,87.88,GOOG
2022-12-30 18:01:00+00:00,87.92,87.92,87.88,87.88,499,4,87.895,GOOG
2022-12-30 18:00:00+00:00,87.9,87.9,87.9,87.9,101,2,87.9,GOOG
2022-12-30 17:59:00+00:00,87.785,87.94,87.785,87.94,712,6,87.852143,GOOG
2022-12-30 17:58:00+00:00,87.795,87.795,87.795,87.795,155,3,87.795,GOOG
2022-12-30 17:57:00+00:00,87.82,87.82,87.82,87.82,142,2,87.82,GOOG
2022-12-30 17:56:00+00:00,87.82,87.83,87.81,87.81,410,5,87.8225,GOOG
2022-12-30 17:55:00+00:00,87.79,87.815,87.79,87.815,200,2,87.8025,GOOG
2022-12-30 17:54:00+00:00,87.815,87.815,87.815,87.815,101,2,87.815,GOOG
2022-12-30 17:53:00+00:00,87.895,87.895,87.895,87.895,114,3,87.895,GOOG
2022-12-30 17:51:00+00:00,87.95,87.95,87.95,87.95,356,4,87.95,GOOG
2022-12-30 17:50:00+00:00,87.94,87.94,87.94,87.94,200,1,87.94,GOOG
2022-12-30 17:49:00+00:00,87.865,87.865,87.865,87.865,100,1,87.865,GOOG
2022-12-30 17:48:00+00:00,87.91,87.91,87.88,87.88,300,3,87.89,GOOG
2022-12-30 17:46:00+00:00,87.95,87.95,87.94,87.94,469,6,87.946667,GOOG
2022-12-30 17:45:00+00:00,87.955,87.955,87.955,87.955,100,1,87.955,GOOG
2022-12-30 17:43:00+00:00,87.905,87.905,87.905,87.905,100,1,87.905,GOOG
2022-12-30 17:42:00+00:00,87.895,87.895,87.895,87.895,109,2,87.895,GOOG
2022-12-30 17:41:00+00:00,87.845,87.895,87.845,87.895,601,6,87.861667,GOOG
2022-12-30 17:40:00+00:00,87.85,87.85,87.85,87.85,113,2,87.85,GOOG
2022-12-30 17:39:00+00:00,87.865,87.865,87.865,87.865,104,2,87.865,GOOG
2022-12-30 17:38:00+00:00,87.945,87.945,87.91,87.91,1568,12,87.913425,GOOG
2022-12-30 17:35:00+00:00,87.92,87.92,87.92,87.92,200,2,87.92,GOOG
2022-12-30 17:34:00+00:00,87.905,87.915,87.905,87.915,200,2,87.91,GOOG
2022-12-30 17:33:00+00:00,87.915,87.915,87.915,87.915,100,1,87.915,GOOG
2022-12-30 17:30:00+00:00,87.91,87.915,87.91,87.915,300,3,87.913333,GOOG
2022-12-30 17:29:00+00:00,87.895,87.895,87.895,87.895,100,1,87.895,GOOG
2022-12-30 17:27:00+00:00,87.945,87.945,87.945,87.945,200,3,87.945,GOOG
2022-12-30 17:25:00+00:00,87.95,87.97,87.95,87.97,522,8,87.95625,GOOG
2022-12-30 17:24:00+00:00,87.895,87.93,87.895,87.93,902,12,87.91125,GOOG
2022-12-30 17:23:00+00:00,87.86,87.86,87.86,87.86,403,5,87.86,GOOG
2022-12-30 17:21:00+00:00,87.84,87.84,87.84,87.84,270,7,87.84,GOOG
2022-12-30 17:20:00+00:00,87.825,87.825,87.825,87.825,188,5,87.825,GOOG
2022-12-30 17:19:00+00:00,87.815,87.815,87.815,87.815,103,2,87.815,GOOG
2022-12-30 17:18:00+00:00,87.81,87.81,87.81,87.81,130,2,87.81,GOOG
2022-12-30 17:15:00+00:00,87.8,87.81,87.8,87.81,719,8,87.805,GOOG
2022-12-30 17:14:00+00:00,87.71,87.71,87.705,87.705,263,6,87.7075,GOOG
2022-12-30 17:12:00+00:00,87.8,87.8,87.8,87.8,501,8,87.8,GOOG
2022-12-30 17:11:00+00:00,87.79,87.79,87.79,87.79,273,11,87.79,GOOG
2022-12-30 17:10:00+00:00,87.79,87.79,87.79,87.79,216,5,87.79,GOOG
2022-12-30 17:09:00+00:00,87.71,87.71,87.71,87.71,100,1,87.71,GOOG
2022-12-30 17:04:00+00:00,87.71,87.71,87.71,87.71,400,3,87.71,GOOG
2022-12-30 16:57:00+00:00,87.82,87.87,87.82,87.87,600,2,87.828333,GOOG
2022-12-30 16:56:00+00:00,87.71,87.77,87.71,87.77,302,4,87.73,GOOG
2022-12-30 16:55:00+00:00,87.71,87.71,87.71,87.71,200,2,87.71,GOOG
2022-12-30 16:54:00+00:00,87.77,87.77,87.77,87.77,410,4,87.77,GOOG
2022-12-30 16:51:00+00:00,87.75,87.75,87.75,87.75,119,4,87.75,GOOG
2022-12-30 16:48:00+00:00,87.8,87.84,87.8,87.84,479,4,87.81,GOOG
2022-12-30 16:47:00+00:00,87.79,87.83,87.79,87.79,1709,17,87.816054,GOOG
2022-12-30 16:46:00+00:00,87.75,87.81,87.75,87.78,1220,15,87.775455,GOOG
2022-12-30 16:45:00+00:00,87.805,87.805,87.805,87.805,490,9,87.805,GOOG
2022-12-30 16:44:00+00:00,87.8,87.815,87.8,87.815,250,3,87.8075,GOOG
2022-12-30 16:43:00+00:00,87.89,87.89,87.85,87.85,300,3,87.876667,GOOG
2022-12-30 16:42:00+00:00,87.92,87.92,87.92,87.92,172,6,87.92,GOOG
2022-12-30 16:41:00+00:00,87.86,87.86,87.86,87.86,153,2,87.86,GOOG
2022-12-30 16:38:00+00:00,87.89,87.935,87.89,87.935,609,6,87.924758,GOOG
2022-12-30 16:37:00+00:00,87.92,87.93,87.9,87.9,497,7,87.916667,GOOG
2022-12-30 16:36:00+00:00,87.88,87.92,87.88,87.89,400,4,87.89875,GOOG
2022-12-30 16:35:00+00:00,87.85,87.865,87.83,87.865,601,7,87.856667,GOOG
2022-12-30 16:33:00+00:00,87.955,87.955,87.955,87.955,202,5,87.955,GOOG
2022-12-30 16:32:00+00:00,87.88,87.88,87.88,87.88,100,1,87.88,GOOG
2022-12-30 16:31:00+00:00,87.82,87.9,87.82,87.9,1004,8,87.871111,GOOG
2022-12-30 16:30:00+00:00,87.86,87.86,87.83,87.83,300,3,87.85,GOOG
2022-12-30 16:29:00+00:00,87.83,87.83,87.83,87.83,279,4,87.83,GOOG
2022-12-30 16:28:00+00:00,87.75,87.83,87.75,87.83,512,6,87.814,GOOG
2022-12-30 16:26:00+00:00,87.73,87.73,87.73,87.73,200,2,87.73,GOOG
2022-12-30 16:25:00+00:00,87.71,87.71,87.71,87.71,200,2,87.71,GOOG
2022-12-30 16:23:00+00:00,87.785,87.785,87.7,87.7,871,11,87.73506,GOOG
2022-12-30 16:20:00+00:00,87.73,87.73,87.65,87.65,683,11,87.687406,GOOG
2022-12-30 16:19:00+00:00,87.77,87.77,87.77,87.77,100,1,87.77,GOOG
2022-12-30 16:18:00+00:00,87.7,87.76,87.7,87.76,500,4,87.722,GOOG
2022-12-30 16:16:00+00:00,87.69,87.72,87.65,87.7,1175,15,87.686667,GOOG
2022-12-30 16:15:00+00:00,87.77,87.78,87.69,87.69,1596,18,87.735357,GOOG
2022-12-30 16:14:00+00:00,87.76,87.78,87.73,87.75,2590,23,87.749396,GOOG
2022-12-30 16:13:00+00:00,87.89,87.89,87.77,87.77,2012,23,87.818529,GOOG
2022-12-30 16:12:00+00:00,87.95,87.97,87.87,87.87,3277,33,87.912899,GOOG
2022-12-30 16:11:00+00:00,87.98,87.99,87.95,87.96,1805,20,87.964375,GOOG
2022-12-30 16:10:00+00:00,88.0,88.01,87.98,87.98,609,10,87.994,GOOG
2022-12-30 16:09:00+00:00,88.0,88.0,87.99,88.0,618,12,87.998,GOOG
2022-12-30 16:08:00+00:00,87.94,88.0,87.94,88.0,2723,28,87.960833,GOOG
2022-12-30 16:07:00+00:00,87.95,87.99,87.95,87.98,1712,23,87.972052,GOOG
2022-12-30 16:06:00+00:00,87.95,87.97,87.92,87.94,2001,26,87.948667,GOOG
2022-12-30 16:05:00+00:00,87.88,87.96,87.875,87.96,2023,32,87.916429,GOOG
2022-12-30 16:04:00+00:00,87.83,87.86,87.81,87.845,2050,20,87.82975,GOOG
2022-12-30 16:03:00+00:00,87.84,87.85,87.79,87.84,3000,26,87.824667,GOOG
2022-12-30 16:02:00+00:00,87.78,87.815,87.76,87.815,1897,21,87.783656,GOOG
2022-12-30 16:01:00+00:00,87.71,87.77,87.71,87.77,2597,30,87.761667,GOOG
2022-12-30 16:00:00+00:00,87.71,87.73,87.69,87.73,3840,44,87.707197,GOOG
2022-12-30 15:59:00+00:00,87.67,87.72,87.67,87.72,5149,28,87.688863,GOOG
2022-12-30 15:58:00+00:00,87.69,87.71,87.67,87.68,2600,24,87.693478,GOOG
2022-12-30 15:57:00+00:00,87.73,87.73,87.65,87.69,1410,19,87.692752,GOOG
2022-12-30 15:56:00+00:00,87.8,87.8,87.71,87.75,2000,21,87.774722,GOOG
2022-12-30 15:55:00+00:00,87.81,87.83,87.76,87.82,2000,19,87.795789,GOOG
2022-12-30 15:54:00+00:00,87.86,87.86,87.77,87.82,2601,24,87.808846,GOOG
2022-12-30 15:53:00+00:00,87.84,87.86,87.81,87.85,1911,21,87.836667,GOOG
2022-12-30 15:52:00+00:00,87.75,87.83,87.74,87.83,1000,9,87.793,GOOG
2022-12-30 15:51:00+00:00,87.88,87.88,87.74,87.74,2310,28,87.790476,GOOG
2022-12-30 15:50:00+00:00,87.92,87.94,87.86,87.86,2156,23,87.903158,GOOG
2022-12-30 15:49:00+00:00,87.95,87.95,87.93,87.93,300,3,87.94,GOOG
2022-12-30 15:48:00+00:00,87.775,87.775,87.775,87.775,101,2,87.775,GOOG
2022-12-30 15:47:00+00:00,87.63,87.77,87.63,87.77,592,15,87.665,GOOG
2022-12-30 15:46:00+00:00,87.68,87.68,87.68,87.68,103,2,87.68,GOOG
2022-12-30 15:45:00+00:00,87.64,87.67,87.64,87.67,310,4,87.66,GOOG
2022-12-30 15:44:00+00:00,87.645,87.645,87.63,87.64,500,7,87.63625,GOOG
2022-12-30 15:43:00+00:00,87.655,87.655,87.625,87.64,730,8,87.638571,GOOG
2022-12-30 15:42:00+00:00,87.57,87.64,87.57,87.64,948,11,87.61125,GOOG
2022-12-30 15:41:00+00:00,87.59,87.63,87.57,87.6,1300,14,87.594167,GOOG
2022-12-30 15:40:00+00:00,87.58,87.64,87.56,87.63,3368,30,87.590764,GOOG
2022-12-30 15:39:00+00:00,87.46,87.56,87.46,87.56,4608,41,87.516614,GOOG
2022-12-30 15:38:00+00:00,87.51,87.51,87.445,87.47,2600,27,87.4696,GOOG
2022-12-30 15:37:00+00:00,87.47,87.52,87.46,87.51,5500,45,87.48514,GOOG
2022-12-30 15:36:00+00:00,87.43,87.49,87.43,87.47,3114,31,87.469333,GOOG
2022-12-30 15:35:00+00:00,87.44,87.46,87.41,87.41,3800,29,87.429342,GOOG
2022-12-30 15:34:00+00:00,87.405,87.45,87.38,87.41,3130,23,87.412742,GOOG
2022-12-30 15:33:00+00:00,87.37,87.42,87.37,87.42,2627,25,87.3996,GOOG
2022-12-30 15:32:00+00:00,87.45,87.45,87.38,87.38,3415,30,87.4175,GOOG
2022-12-30 15:31:00+00:00,87.45,87.47,87.41,87.41,1700,14,87.442353,GOOG
2022-12-30 15:30:00+00:00,87.47,87.48,87.38,87.44,1950,19,87.439444,GOOG
2022-12-30 15:29:00+00:00,87.43,87.5,87.43,87.49,3100,20,87.447742,GOOG
2022-12-30 15:28:00+00:00,87.44,87.47,87.36,87.4,2021,24,87.412353,GOOG
2022-12-30 15:27:00+00:00,87.525,87.535,87.47,87.47,1000,10,87.4915,GOOG
2022-12-30 15:26:00+00:00,87.475,87.54,87.475,87.53,1278,8,87.520775,GOOG
2022-12-30 15:25:00+00:00,87.595,87.62,87.49,87.49,2451,20,87.57375,GOOG
2022-12-30 15:24:00+00:00,87.545,87.6,87.545,87.6,431,5,87.58625,GOOG
2022-12-30 15:23:00+00:00,87.48,87.49,87.48,87.49,500,5,87.4875,GOOG
2022-12-30 15:22:00+00:00,87.48,87.48,87.48,87.48,101,2,87.48,GOOG
2022-12-30 15:21:00+00:00,87.555,87.565,87.485,87.485,2305,24,87.52,GOOG
2022-12-30 15:20:00+00:00,87.6,87.64,87.56,87.56,2329,15,87.612476,GOOG
2022-12-30 15:19:00+00:00,87.65,87.67,87.64,87.64,1611,17,87.655385,GOOG
2022-12-30 15:18:00+00:00,87.54,87.67,87.54,87.625,897,10,87.623125,GOOG
2022-12-30 15:17:00+00:00,87.41,87.54,87.385,87.505,2861,33,87.475882,GOOG
2022-12-30 15:16:00+00:00,87.365,87.41,87.34,87.4,966,9,87.359444,GOOG
2022-12-30 15:15:00+00:00,87.34,87.4,87.32,87.4,1189,12,87.338,GOOG
2022-12-30 15:14:00+00:00,87.29,87.37,87.285,87.35,1000,10,87.332,GOOG
2022-12-30 15:13:00+00:00,87.34,87.385,87.335,87.335,684,7,87.348333,GOOG
2022-12-30 15:12:00+00:00,87.325,87.345,87.28,87.325,3248,21,87.316094,GOOG
2022-12-30 15:11:00+00:00,87.305,87.33,87.29,87.29,1399,12,87.306154,GOOG
2022-12-30 15:10:00+00:00,87.315,87.33,87.29,87.33,2602,17,87.310962,GOOG
2022-12-30 15:09:00+00:00,87.3,87.3,87.26,87.26,1635,14,87.290714,GOOG
2022-12-30 15:08:00+00:00,87.25,87.28,87.25,87.25,385,6,87.26,GOOG
2022-12-30 15:07:00+00:00,87.3,87.335,87.22,87.22,2495,20,87.306667,GOOG
2022-12-30 15:06:00+00:00,87.27,87.31,87.26,87.26,1551,13,87.297143,GOOG
2022-12-30 15:05:00+00:00,87.25,87.29,87.22,87.29,682,11,87.253333,GOOG
2022-12-30 15:04:00+00:00,87.24,87.3,87.235,87.3,1673,14,87.28625,GOOG
2022-12-30 15:03:00+00:00,87.31,87.365,87.25,87.27,1937,17,87.337222,GOOG
2022-12-30 15:02:00+00:00,87.31,87.33,87.27,87.315,2362,16,87.307401,GOOG
2022-12-30 15:01:00+00:00,87.37,87.385,87.29,87.29,1300,7,87.331923,GOOG
2022-12-30 15:00:00+00:00,87.405,87.475,87.37,87.395,4792,32,87.421031,GOOG
2022-12-30 14:59:00+00:00,87.39,87.43,87.34,87.43,2100,16,87.368,GOOG
2022-12-30 14:58:00+00:00,87.24,87.42,87.24,87.37,1401,18,87.353077,GOOG
2022-12-30 14:57:00+00:00,87.215,87.305,87.215,87.305,1211,9,87.256818,GOOG
2022-12-30 14:56:00+00:00,87.19,87.255,87.15,87.15,7061,26,87.204239,GOOG
2022-12-30 14:55:00+00:00,87.305,87.305,87.205,87.22,4100,12,87.265122,GOOG
2022-12-30 14:54:00+00:00,87.275,87.36,87.27,87.305,5150,21,87.321078,GOOG
2022-12-30 14:53:00+00:00,87.39,87.39,87.27,87.27,872,10,87.29875,GOOG
2022-12-30 14:52:00+00:00,87.3,87.41,87.3,87.41,1000,12,87.33625,GOOG
2022-12-30 14:51:00+00:00,87.2,87.23,87.17,87.17,1880,30,87.199667,GOOG
2022-12-30 14:50:00+00:00,87.12,87.24,87.1,87.21,2613,24,87.178636,GOOG
2022-12-30 14:49:00+00:00,87.13,87.13,87.05,87.1,1818,17,87.072379,GOOG
2022-12-30 14:48:00+00:00,87.31,87.38,87.18,87.21,7922,54,87.23,GOOG
2022-12-30 14:47:00+00:00,87.5,87.5,87.3,87.3,1777,16,87.425257,GOOG
2022-12-30 14:46:00+00:00,87.53,87.54,87.45,87.45,1100,11,87.514545,GOOG
2022-12-30 14:45:00+00:00,87.49,87.53,87.43,87.51,3683,47,87.481818,GOOG
2022-12-30 14:44:00+00:00,87.455,87.57,87.455,87.54,1552,16,87.51625,GOOG
2022-12-30 14:43:00+00:00,87.54,87.56,87.47,87.47,2698,19,87.498939,GOOG
2022-12-30 14:42:00+00:00,87.2,87.57,87.17,87.57,1236,15,87.456314,GOOG
2022-12-30 14:40:00+00:00,87.34,87.35,87.22,87.22,855,9,87.292857,GOOG
2022-12-30 14:39:00+00:00,87.4,87.42,87.33,87.39,825,16,87.387143,GOOG
2022-12-30 14:38:00+00:00,87.43,87.48,87.43,87.48,324,14,87.455,GOOG
2022-12-30 14:37:00+00:00,87.51,87.56,87.45,87.46,703,18,87.498,GOOG
2022-12-30 14:36:00+00:00,87.44,87.54,87.44,87.52,1785,36,87.509444,GOOG
2022-12-30 14:35:00+00:00,87.41,87.495,87.35,87.47,941,24,87.415833,GOOG
2022-12-30 14:34:00+00:00,87.49,87.49,87.42,87.42,513,19,87.452915,GOOG
2022-12-30 14:33:00+00:00,87.34,87.5,87.34,87.5,2053,32,87.450714,GOOG
2022-12-30 14:32:00+00:00,87.38,87.38,87.2,87.26,1467,19,87.235556,GOOG
2022-12-30 14:31:00+00:00,87.36,87.47,87.24,87.24,2517,29,87.396274,GOOG
2022-12-30 14:30:00+00:00,87.22,87.51,87.19,87.41,4019,58,87.330575,GOOG
2022-12-30 14:29:00+00:00,87.36,87.36,87.36,87.36,206,3,87.36,GOOG
2022-12-29 20:59:00+00:00,88.93,88.95,88.87,88.93,10525,72,88.907199,GOOG
2022-12-29 20:58:00+00:00,88.94,88.955,88.91,88.93,4345,41,88.929442,GOOG
2022-12-29 20:57:00+00:00,88.95,88.97,88.92,88.96,3686,32,88.945,GOOG
2022-12-29 20:56:00+00:00,88.975,88.975,88.93,88.94,4203,39,88.951013,GOOG
2022-12-29 20:55:00+00:00,89.085,89.085,88.95,88.975,3012,27,88.981591,GOOG
2022-12-29 20:54:00+00:00,89.075,89.11,89.02,89.085,9823,52,89.045845,GOOG
2022-12-29 20:53:00+00:00,89.06,89.09,89.045,89.09,1493,14,89.06613,GOOG
2022-12-29 20:52:00+00:00,89.065,89.085,89.035,89.06,7673,25,89.056328,GOOG
2022-12-29 20:51:00+00:00,89.045,89.1,89.015,89.095,4473,25,89.039548,GOOG
2022-12-29 20:50:00+00:00,89.22,89.22,89.07,89.07,8505,42,89.123934,GOOG
2022-12-29 20:49:00+00:00,89.22,89.275,89.22,89.27,1330,12,89.256614,GOOG
2022-12-29 20:48:00+00:00,89.26,89.26,89.185,89.185,1936,12,89.223158,GOOG
2022-12-29 20:47:00+00:00,89.295,89.295,89.245,89.245,704,7,89.275,GOOG
2022-12-29 20:46:00+00:00,89.245,89.295,89.245,89.295,1495,18,89.275385,GOOG
2022-12-29 20:45:00+00:00,89.265,89.265,89.235,89.25,895,12,89.253333,GOOG
2022-12-29 20:44:00+00:00,89.285,89.285,89.235,89.26,652,9,89.261,GOOG
2022-12-29 20:43:00+00:00,89.3,89.3,89.23,89.23,1164,14,89.277778,GOOG
2022-12-29 20:42:00+00:00,89.35,89.35,89.31,89.31,314,6,89.326667,GOOG
2022-12-29 20:41:00+00:00,89.325,89.325,89.325,89.325,142,4,89.325,GOOG
2022-12-29 20:40:00+00:00,89.31,89.31,89.3,89.3,4431,9,89.307209,GOOG
2022-12-29 20:39:00+00:00,89.26,89.31,89.26,89.31,1804,16,89.302778,GOOG
2022-12-29 20:38:00+00:00,89.295,89.295,89.285,89.285,716,7,89.287286,GOOG
2022-12-29 20:37:00+00:00,89.31,89.33,89.31,89.33,1600,8,89.315938,GOOG
2022-12-29 20:36:00+00:00,89.27,89.29,89.27,89.29,658,7,89.284167,GOOG
2022-12-29 20:35:00+00:00,89.22,89.27,89.22,89.25,398,18,89.246667,GOOG
2022-12-29 20:34:00+00:00,89.21,89.25,89.21,89.25,362,7,89.223333,GOOG
2022-12-29 20:33:00+00:00,89.27,89.27,89.21,89.21,322,5,89.233511,GOOG
2022-12-29 20:32:00+00:00,89.27,89.27,89.27,89.27,402,4,89.27,GOOG
2022-12-29 20:31:00+00:00,89.27,89.27,89.235,89.235,402,6,89.25625,GOOG
2022-12-29 20:30:00+00:00,89.255,89.26,89.24,89.24,1931,18,89.256122,GOOG
2022-12-29 20:29:00+00:00,89.265,89.265,89.195,89.195,635,5,89.225,GOOG
2022-12-29 20:28:00+00:00,89.3,89.3,89.265,89.28,1390,11,89.283377,GOOG
2022-12-29 20:26:00+00:00,89.19,89.23,89.19,89.23,595,5,89.211597,GOOG
2022-12-29 20:25:00+00:00,89.185,89.185,89.185,89.185,157,4,89.185,GOOG
2022-12-29 20:24:00+00:00,89.16,89.16,89.16,89.16,100,1,89.16,GOOG
2022-12-29 20:23:00+00:00,89.185,89.185,89.165,89.165,2000,9,89.17375,GOOG
2022-12-29 20:22:00+00:00,89.21,89.21,89.21,89.21,237,5,89.21,GOOG
2022-12-29 20:21:00+00:00,89.14,89.2,89.14,89.195,1809,12,89.163235,GOOG
2022-12-29 20:20:00+00:00,89.15,89.15,89.1,89.13,901,9,89.123333,GOOG
2022-12-29 20:19:00+00:00,89.13,89.13,89.07,89.11,1207,9,89.089167,GOOG
2022-12-29 20:18:00+00:00,89.15,89.15,89.125,89.125,723,10,89.144167,GOOG
2022-12-29 20:17:00+00:00,89.19,89.2,89.19,89.2,402,5,89.1975,GOOG
2022-12-29 20:16:00+00:00,89.12,89.13,89.115,89.125,689,8,89.125,GOOG
2022-12-29 20:15:00+00:00,89.11,89.12,89.095,89.12,1304,11,89.102692,GOOG
2022-12-29 20:14:00+00:00,89.155,89.155,89.15,89.15,710,4,89.154286,GOOG
2022-12-29 20:13:00+00:00,89.19,89.19,89.19,89.19,102,2,89.19,GOOG
2022-12-29 20:12:00+00:00,89.1,89.11,89.09,89.11,618,5,89.101618,GOOG
2022-12-29 20:11:00+00:00,89.1,89.1,89.04,89.09,1723,15,89.071875,GOOG
2022-12-29 20:10:00+00:00,89.13,89.13,89.095,89.095,1544,10,89.117143,GOOG
2022-12-29 20:09:00+00:00,89.155,89.21,89.155,89.21,1431,12,89.179258,GOOG
2022-12-29 20:08:00+00:00,89.2,89.2,89.195,89.195,500,4,89.198,GOOG
2022-12-29 20:07:00+00:00,89.205,89.205,89.205,89.205,650,6,89.205,GOOG
2022-12-29 20:06:00+00:00,89.185,89.24,89.185,89.24,642,8,89.200833,GOOG
2022-12-29 20:05:00+00:00,89.21,89.21,89.21,89.21,200,1,89.21,GOOG
2022-12-29 20:04:00+00:00,89.115,89.13,89.115,89.13,252,4,89.121356,GOOG
2022-12-29 20:03:00+00:00,89.1,89.1,89.1,89.1,175,6,89.1,GOOG
2022-12-29 20:02:00+00:00,89.1,89.1,89.1,89.1,189,5,89.1,GOOG
2022-12-29 20:01:00+00:00,89.065,89.065,89.055,89.055,401,4,89.0575,GOOG
2022-12-29 20:00:00+00:00,89.085,89.085,89.06,89.08,502,5,89.079,GOOG
2022-12-29 19:59:00+00:00,89.1,89.1,89.07,89.07,1258,8,89.092487,GOOG
2022-12-29 19:58:00+00:00,89.09,89.09,89.09,89.09,309,4,89.09,GOOG
2022-12-29 19:56:00+00:00,89.04,89.04,89.005,89.005,252,3,89.018944,GOOG
2022-12-29 19:55:00+00:00,89.1,89.1,89.08,89.08,301,3,89.093333,GOOG
2022-12-29 19:54:00+00:00,89.15,89.15,89.15,89.15,471,8,89.15,GOOG
2022-12-29 19:52:00+00:00,89.18,89.19,89.18,89.19,215,5,89.185,GOOG
2022-12-29 19:50:00+00:00,89.245,89.245,89.24,89.24,201,3,89.2425,GOOG
2022-12-29 19:49:00+00:00,89.25,89.25,89.24,89.24,230,5,89.245,GOOG
2022-12-29 19:48:00+00:00,89.25,89.26,89.25,89.26,260,5,89.255,GOOG
2022-12-29 19:47:00+00:00,89.225,89.225,89.18,89.18,445,7,89.21,GOOG
2022-12-29 19:46:00+00:00,89.185,89.23,89.185,89.23,301,4,89.208333,GOOG
2022-12-29 19:45:00+00:00,89.18,89.19,89.18,89.19,316,6,89.185,GOOG
2022-12-29 19:43:00+00:00,89.19,89.19,89.19,89.19,267,9,89.19,GOOG
2022-12-29 19:42:00+00:00,89.21,89.24,89.21,89.24,624,6,89.215,GOOG
2022-12-29 19:41:00+00:00,89.27,89.27,89.24,89.24,301,4,89.26,GOOG
2022-12-29 19:40:00+00:00,89.23,89.23,89.23,89.23,101,2,89.23,GOOG
2022-12-29 19:38:00+00:00,89.21,89.21,89.195,89.195,211,3,89.2025,GOOG
2022-12-29 19:36:00+00:00,89.17,89.18,89.17,89.18,201,3,89.175,GOOG
2022-12-29 19:35:00+00:00,89.18,89.18,89.18,89.18,141,3,89.18,GOOG
2022-12-29 19:33:00+00:00,89.17,89.17,89.17,89.17,128,4,89.17,GOOG
2022-12-29 19:31:00+00:00,89.13,89.13,89.13,89.13,215,5,89.13,GOOG
2022-12-29 19:30:00+00:00,89.175,89.175,89.15,89.165,2394,14,89.161667,GOOG
2022-12-29 19:29:00+00:00,89.215,89.215,89.155,89.155,501,6,89.187,GOOG
2022-12-29 19:28:00+00:00,89.24,89.24,89.235,89.235,700,7,89.2375,GOOG
2022-12-29 19:27:00+00:00,89.23,89.245,89.225,89.245,1367,10,89.241923,GOOG
2022-12-29 19:26:00+00:00,89.225,89.225,89.21,89.21,601,8,89.216,GOOG
2022-12-29 19:25:00+00:00,89.23,89.24,89.225,89.225,1348,7,89.229977,GOOG
2022-12-29 19:24:00+00:00,89.21,89.23,89.205,89.23,602,4,89.21,GOOG
2022-12-29 19:23:00+00:00,89.215,89.225,89.215,89.225,2179,9,89.215714,GOOG
2022-12-29 19:22:00+00:00,89.185,89.185,89.18,89.185,831,5,89.18375,GOOG
2022-12-29 19:21:00+00:00,89.16,89.165,89.16,89.165,303,4,89.163333,GOOG
2022-12-29 19:20:00+00:00,89.14,89.16,89.14,89.16,301,5,89.15,GOOG
2022-12-29 19:19:00+00:00,89.14,89.14,89.14,89.14,100,1,89.14,GOOG
2022-12-29 19:18:00+00:00,89.095,89.095,89.095,89.095,306,3,89.095,GOOG
2022-12-29 19:17:00+00:00,89.08,89.085,89.08,89.085,200,2,89.0825,GOOG
2022-12-29 19:16:00+00:00,89.075,89.075,89.055,89.075,3015,15,89.067167,GOOG
2022-12-29 19:15:00+00:00,89.06,89.06,89.06,89.06,250,3,89.06,GOOG
2022-12-29 19:13:00+00:00,89.06,89.07,89.06,89.07,462,6,89.066667,GOOG
2022-12-29 19:12:00+00:00,89.12,89.12,89.065,89.065,350,4,89.095,GOOG
2022-12-29 19:09:00+00:00,89.16,89.16,89.12,89.14,441,5,89.14,GOOG
2022-12-29 19:08:00+00:00,89.205,89.205,89.205,89.205,131,6,89.205,GOOG
2022-12-29 19:07:00+00:00,89.22,89.22,89.22,89.22,407,7,89.22,GOOG
2022-12-29 19:06:00+00:00,89.215,89.215,89.215,89.215,206,4,89.215,GOOG
2022-12-29 19:05:00+00:00,89.19,89.19,89.19,89.19,414,8,89.19,GOOG
2022-12-29 19:04:00+00:00,89.2,89.2,89.19,89.19,1041,19,89.196111,GOOG
2022-12-29 19:03:00+00:00,89.16,89.17,89.16,89.17,327,14,89.165,GOOG
2022-12-29 19:02:00+00:00,89.13,89.18,89.13,89.18,1431,24,89.158182,GOOG
2022-12-29 19:01:00+00:00,89.13,89.14,89.12,89.14,654,15,89.125833,GOOG
2022-12-29 19:00:00+00:00,89.055,89.17,89.055,89.16,3049,26,89.083936,GOOG
2022-12-29 18:59:00+00:00,89.075,89.075,89.06,89.06,715,13,89.07,GOOG
2022-12-29 18:58:00+00:00,89.06,89.06,89.04,89.04,353,16,89.053333,GOOG
2022-12-29 18:57:00+00:00,89.01,89.01,89.01,89.01,707,23,89.01,GOOG
2022-12-29 18:55:00+00:00,89.045,89.045,89.0,89.0,1499,16,89.02625,GOOG
2022-12-29 18:54:00+00:00,89.015,89.015,89.015,89.015,150,2,89.015,GOOG
2022-12-29 18:53:00+00:00,89.0,89.025,89.0,89.025,300,3,89.015,GOOG
2022-12-29 18:51:00+00:00,88.93,88.95,88.93,88.95,354,7,88.94,GOOG
2022-12-29 18:50:00+00:00,88.99,88.99,88.955,88.955,733,11,88.978494,GOOG
2022-12-29 18:49:00+00:00,89.0,89.0,88.96,88.975,924,12,88.974444,GOOG
2022-12-29 18:48:00+00:00,88.97,89.0,88.97,89.0,301,4,88.983333,GOOG
2022-12-29 18:45:00+00:00,89.04,89.04,89.04,89.04,231,6,89.04,GOOG
2022-12-29 18:44:00+00:00,89.01,89.01,89.01,89.01,131,2,89.01,GOOG
2022-12-29 18:43:00+00:00,89.0,89.02,89.0,89.02,235,6,89.01,GOOG
2022-12-29 18:42:00+00:00,88.95,88.95,88.95,88.95,100,1,88.95,GOOG
2022-12-29 18:41:00+00:00,88.99,88.99,88.99,88.99,296,8,88.99,GOOG
2022-12-29 18:40:00+00:00,88.94,88.96,88.94,88.96,417,7,88.953333,GOOG
2022-12-29 18:38:00+00:00,88.93,88.93,88.91,88.91,557,9,88.916146,GOOG
2022-12-29 18:36:00+00:00,88.845,88.85,88.84,88.85,421,7,88.845,GOOG
2022-12-29 18:35:00+00:00,88.855,88.855,88.84,88.84,821,5,88.852143,GOOG
2022-12-29 18:33:00+00:00,88.82,88.82,88.82,88.82,201,4,88.82,GOOG
2022-12-29 18:32:00+00:00,88.8,88.8,88.765,88.8,1974,15,88.776564,GOOG
2022-12-29 18:31:00+00:00,88.84,88.84,88.76,88.76,2851,14,88.791653,GOOG
2022-12-29 18:30:00+00:00,88.87,88.87,88.8,88.8,1849,21,88.812918,GOOG
2022-12-29 18:29:00+00:00,88.875,88.875,88.875,88.875,214,4,88.875,GOOG
2022-12-29 18:28:00+00:00,88.94,88.94,88.865,88.865,397,4,88.901667,GOOG
2022-12-29 18:25:00+00:00,88.92,88.92,88.92,88.92,100,1,88.92,GOOG
2022-12-29 18:24:00+00:00,88.9,88.92,88.9,88.915,1101,6,88.913642,GOOG
2022-12-29 18:23:00+00:00,88.83,88.885,88.83,88.885,1302,14,88.854583,GOOG
2022-12-29 18:22:00+00:00,88.805,88.805,88.785,88.785,600,4,88.794167,GOOG
2022-12-29 18:21:00+00:00,88.795,88.82,88.795,88.8,754,9,88.800833,GOOG
2022-12-29 18:20:00+00:00,88.795,88.82,88.78,88.78,1493,9,88.791071,GOOG
2022-12-29 18:19:00+00:00,88.81,88.83,88.81,88.81,1002,9,88.816,GOOG
2022-12-29 18:18:00+00:00,88.84,88.855,88.84,88.85,650,7,88.844167,GOOG
2022-12-29 18:17:00+00:00,88.77,88.845,88.77,88.845,1552,15,88.815714,GOOG
2022-12-29 18:16:00+00:00,88.755,88.775,88.75,88.75,829,5,88.760625,GOOG
2022-12-29 18:15:00+00:00,88.77,88.77,88.77,88.77,171,1,88.77,GOOG
2022-12-29 18:14:00+00:00,88.8,88.82,88.8,88.82,845,6,88.81125,GOOG
2022-12-29 18:13:00+00:00,88.81,88.81,88.78,88.795,1252,8,88.7975,GOOG
2022-12-29 18:12:00+00:00,88.81,88.81,88.81,88.81,378,9,88.81,GOOG
2022-12-29 18:11:00+00:00,88.795,88.8,88.795,88.8,1048,5,88.795982,GOOG
2022-12-29 18:10:00+00:00,88.79,88.79,88.79,88.79,102,2,88.79,GOOG
2022-12-29 18:09:00+00:00,88.735,88.735,88.71,88.715,561,8,88.71875,GOOG
2022-12-29 18:08:00+00:00,88.735,88.735,88.715,88.725,771,6,88.723571,GOOG
2022-12-29 18:07:00+00:00,88.76,88.76,88.7,88.7,928,12,88.727561,GOOG
2022-12-29 18:06:00+00:00,88.74,88.74,88.74,88.74,117,3,88.74,GOOG
2022-12-29 18:05:00+00:00,88.8,88.8,88.8,88.8,326,6,88.8,GOOG
2022-12-29 18:04:00+00:00,88.81,88.81,88.77,88.77,982,19,88.792354,GOOG
2022-12-29 18:03:00+00:00,88.81,88.81,88.805,88.805,201,3,88.8075,GOOG
2022-12-29 18:02:00+00:00,88.795,88.795,88.795,88.795,400,8,88.795,GOOG
2022-12-29 18:01:00+00:00,88.79,88.825,88.785,88.785,1863,16,88.798125,GOOG
2022-12-29 18:00:00+00:00,88.79,88.825,88.79,88.82,1013,11,88.805556,GOOG
2022-12-29 17:59:00+00:00,88.86,88.86,88.82,88.82,225,4,88.84,GOOG
2022-12-29 17:58:00+00:00,88.81,88.85,88.81,88.85,847,8,88.832508,GOOG
2022-12-29 17:57:00+00:00,88.835,88.84,88.83,88.83,407,8,88.835,GOOG
2022-12-29 17:56:00+00:00,88.83,88.83,88.82,88.82,200,2,88.825,GOOG
2022-12-29 17:55:00+00:00,88.81,88.86,88.81,88.86,472,7,88.8375,GOOG
2022-12-29 17:54:00+00:00,88.86,88.86,88.86,88.86,309,6,88.86,GOOG
2022-12-29 17:53:00+00:00,88.86,88.86,88.86,88.86,123,3,88.86,GOOG
2022-12-29 17:52:00+00:00,88.86,88.86,88.85,88.85,301,4,88.853333,GOOG
2022-12-29 17:51:00+00:00,88.87,88.88,88.87,88.88,333,5,88.876875,GOOG
2022-12-29 17:50:00+00:00,88.81,88.81,88.81,88.81,255,15,88.81,GOOG
2022-12-29 17:49:00+00:00,88.8,88.8,88.8,88.8,106,3,88.8,GOOG
2022-12-29 17:48:00+00:00,88.765,88.8,88.75,88.8,1593,10,88.778766,GOOG
2022-12-29 17:47:00+00:00,88.77,88.775,88.755,88.755,905,7,88.767222,GOOG
2022-12-29 17:46:00+00:00,88.77,88.77,88.76,88.77,304,4,88.766667,GOOG
2022-12-29 17:45:00+00:00,88.76,88.76,88.755,88.755,806,6,88.755625,GOOG
2022-12-29 17:43:00+00:00,88.82,88.825,88.82,88.825,205,4,88.8225,GOOG
2022-12-29 17:42:00+00:00,88.8,88.825,88.8,88.825,245,5,88.8125,GOOG
2022-12-29 17:41:00+00:00,88.865,88.865,88.83,88.83,319,5,88.853333,GOOG
2022-12-29 17:40:00+00:00,88.83,88.86,88.83,88.86,480,9,88.845,GOOG
2022-12-29 17:39:00+00:00,88.775,88.775,88.775,88.775,384,5,88.775,GOOG
2022-12-29 17:38:00+00:00,88.825,88.825,88.82,88.82,311,3,88.823333,GOOG
2022-12-29 17:37:00+00:00,88.885,88.885,88.845,88.86,300,3,88.863333,GOOG
2022-12-29 17:36:00+00:00,89.01,89.01,88.905,88.915,1912,13,88.920833,GOOG
2022-12-29 17:35:00+00:00,89.095,89.095,89.05,89.05,1032,9,89.090504,GOOG
2022-12-29 17:34:00+00:00,89.165,89.165,89.165,89.165,113,4,89.165,GOOG
2022-12-29 17:33:00+00:00,89.21,89.21,89.21,89.21,101,2,89.21,GOOG
2022-12-29 17:32:00+00:00,89.19,89.19,89.19,89.19,172,7,89.19,GOOG
2022-12-29 17:31:00+00:00,89.15,89.15,89.14,89.15,305,4,89.146667,GOOG
2022-12-29 17:30:00+00:00,89.185,89.185,89.17,89.17,414,7,89.1775,GOOG
2022-12-29 17:29:00+00:00,89.14,89.14,89.14,89.14,154,3,89.14,GOOG
2022-12-29 17:28:00+00:00,89.1,89.16,89.1,89.16,369,8,89.13,GOOG
2022-12-29 17:27:00+00:00,89.08,89.12,89.08,89.12,837,9,89.098333,GOOG
2022-12-29 17:26:00+00:00,89.08,89.08,89.08,89.08,108,4,89.08,GOOG
2022-12-29 17:25:00+00:00,89.09,89.09,89.09,89.09,100,1,89.09,GOOG
2022-12-29 17:22:00+00:00,89.16,89.18,89.16,89.18,800,9,89.177118,GOOG
2022-12-29 17:21:00+00:00,89.13,89.13,89.13,89.13,150,2,89.13,GOOG
2022-12-29 17:20:00+00:00,89.1,89.1,89.1,89.1,156,5,89.1,GOOG
2022-12-29 17:19:00+00:00,89.125,89.14,89.125,89.14,238,6,89.131787,GOOG
2022-12-29 17:18:00+00:00,89.135,89.135,89.135,89.135,169,5,89.135,GOOG
2022-12-29 17:17:00+00:00,89.075,89.075,89.075,89.075,100,1,89.075,GOOG
2022-12-29 17:16:00+00:00,89.03,89.03,89.03,89.03,151,3,89.03,GOOG
2022-12-29 17:15:00+00:00,89.03,89.03,89.03,89.03,117,4,89.03,GOOG
2022-12-29 17:14:00+00:00,88.98,88.98,88.98,88.98,121,10,88.98,GOOG
2022-12-29 17:13:00+00:00,89.0,89.0,89.0,89.0,264,5,89.0,GOOG
2022-12-29 17:12:00+00:00,88.975,88.975,88.975,88.975,112,3,88.975,GOOG
2022-12-29 17:11:00+00:00,88.99,88.99,88.97,88.97,353,6,88.98,GOOG
2022-12-29 17:09:00+00:00,88.96,88.96,88.92,88.92,400,3,88.95,GOOG
2022-12-29 17:08:00+00:00,88.88,88.88,88.88,88.88,157,5,88.88,GOOG
2022-12-29 17:07:00+00:00,88.87,88.88,88.86,88.88,373,5,88.87,GOOG
2022-12-29 17:06:00+00:00,88.885,88.91,88.88,88.885,1367,9,88.885,GOOG
2022-12-29 17:05:00+00:00,88.89,88.89,88.88,88.89,700,3,88.888571,GOOG
2022-12-29 17:04:00+00:00,88.92,88.92,88.92,88.92,288,5,88.92,GOOG
2022-12-29 17:03:00+00:00,88.995,88.995,88.94,88.94,900,4,88.977222,GOOG
2022-12-29 17:02:00+00:00,89.03,89.03,89.0,89.0,200,2,89.015,GOOG
2022-12-29 17:01:00+00:00,89.0,89.01,89.0,89.01,300,4,89.005,GOOG
2022-12-29 17:00:00+00:00,89.01,89.01,88.99,88.99,301,4,89.003333,GOOG
2022-12-29 16:58:00+00:00,89.05,89.05,89.05,89.05,528,9,89.05,GOOG
2022-12-29 16:57:00+00:00,88.99,88.995,88.99,88.995,2335,5,88.994773,GOOG
2022-12-29 16:56:00+00:00,88.995,89.045,88.99,89.04,1023,8,89.004154,GOOG
2022-12-29 16:53:00+00:00,89.01,89.01,89.01,89.01,248,5,89.01,GOOG
2022-12-29 16:52:00+00:00,88.995,88.995,88.995,88.995,701,4,88.995,GOOG
2022-12-29 16:51:00+00:00,89.01,89.02,89.01,89.02,221,6,89.015,GOOG
2022-12-29 16:50:00+00:00,88.935,88.985,88.935,88.985,1201,7,88.974167,GOOG
2022-12-29 16:49:00+00:00,88.925,88.925,88.925,88.925,182,3,88.925,GOOG
2022-12-29 16:48:00+00:00,88.91,88.965,88.91,88.945,3200,6,88.962031,GOOG
2022-12-29 16:47:00+00:00,88.93,88.93,88.915,88.915,701,6,88.920714,GOOG
2022-12-29 16:46:00+00:00,88.915,88.925,88.89,88.89,1562,11,88.915,GOOG
2022-12-29 16:45:00+00:00,88.845,88.89,88.835,88.89,1912,13,88.859167,GOOG
2022-12-29 16:44:00+00:00,88.845,88.85,88.835,88.835,1315,7,88.839615,GOOG
2022-12-29 16:43:00+00:00,88.855,88.855,88.815,88.815,2677,10,88.843269,GOOG
2022-12-29 16:42:00+00:00,88.87,88.87,88.865,88.865,651,4,88.865833,GOOG
2022-12-29 16:40:00+00:00,88.805,88.805,88.805,88.805,1409,4,88.805,GOOG
2022-12-29 16:39:00+00:00,88.73,88.74,88.73,88.74,204,4,88.735,GOOG
2022-12-29 16:38:00+00:00,88.73,88.73,88.73,88.73,315,5,88.73,GOOG
2022-12-29 16:37:00+00:00,88.75,88.75,88.685,88.685,2638,14,88.709423,GOOG
2022-12-29 16:35:00+00:00,88.795,88.795,88.74,88.74,1206,9,88.7755,GOOG
2022-12-29 16:34:00+00:00,88.82,88.825,88.8,88.825,738,8,88.815741,GOOG
2022-12-29 16:33:00+00:00,88.81,88.82,88.78,88.81,1679,17,88.801445,GOOG
2022-12-29 16:32:00+00:00,88.75,88.76,88.75,88.76,504,7,88.7575,GOOG
2022-12-29 16:31:00+00:00,88.66,88.74,88.66,88.74,1641,20,88.699718,GOOG
2022-12-29 16:30:00+00:00,88.635,88.69,88.635,88.67,344,6,88.665,GOOG
2022-12-29 16:29:00+00:00,88.57,88.61,88.57,88.6,607,6,88.598333,GOOG
2022-12-29 16:28:00+00:00,88.585,88.585,88.585,88.585,324,5,88.585,GOOG
2022-12-29 16:27:00+00:00,88.615,88.615,88.58,88.58,555,6,88.5953,GOOG
2022-12-29 16:26:00+00:00,88.645,88.645,88.575,88.605,954,13,88.610542,GOOG
2022-12-29 16:25:00+00:00,88.515,88.525,88.515,88.525,322,4,88.518333,GOOG
2022-12-29 16:24:00+00:00,88.515,88.52,88.51,88.52,801,7,88.515326,GOOG
2022-12-29 16:23:00+00:00,88.49,88.49,88.49,88.49,505,5,88.49,GOOG
2022-12-29 16:22:00+00:00,88.55,88.55,88.55,88.55,450,2,88.55,GOOG
2022-12-29 16:21:00+00:00,88.61,88.61,88.555,88.56,592,7,88.578105,GOOG
2022-12-29 16:20:00+00:00,88.57,88.6,88.57,88.6,470,5,88.5925,GOOG
2022-12-29 16:19:00+00:00,88.53,88.54,88.53,88.54,307,5,88.533333,GOOG
2022-12-29 16:18:00+00:00,88.495,88.56,88.49,88.56,814,11,88.522143,GOOG
2022-12-29 16:17:00+00:00,88.54,88.54,88.54,88.54,100,1,88.54,GOOG
2022-12-29 16:16:00+00:00,88.56,88.56,88.54,88.54,200,2,88.55,GOOG
2022-12-29 16:15:00+00:00,88.51,88.55,88.485,88.55,1654,17,88.518125,GOOG
2022-12-29 16:14:00+00:00,88.5,88.5,88.5,88.5,281,5,88.5,GOOG
2022-12-29 16:13:00+00:00,88.475,88.5,88.475,88.495,2400,11,88.478958,GOOG
2022-12-29 16:12:00+00:00,88.495,88.495,88.425,88.45,4218,16,88.46619,GOOG
2022-12-29 16:11:00+00:00,88.425,88.48,88.415,88.48,812,8,88.4575,GOOG
2022-12-29 16:10:00+00:00,88.485,88.485,88.46,88.47,526,11,88.471667,GOOG
2022-12-29 16:09:00+00:00,88.45,88.45,88.45,88.45,100,1,88.45,GOOG
2022-12-29 16:07:00+00:00,88.61,88.66,88.61,88.66,207,5,88.635,GOOG
2022-12-29 16:04:00+00:00,88.62,88.62,88.57,88.57,916,6,88.602346,GOOG
2022-12-29 16:03:00+00:00,88.55,88.55,88.55,88.55,285,4,88.55,GOOG
2022-12-29 16:02:00+00:00,88.705,88.705,88.63,88.63,404,5,88.67375,GOOG
2022-12-29 16:01:00+00:00,88.72,88.79,88.72,88.77,672,9,88.745,GOOG
2022-12-29 16:00:00+00:00,88.74,88.765,88.74,88.75,382,5,88.751667,GOOG
2022-12-29 15:58:00+00:00,88.7,88.7,88.66,88.69,303,4,88.683333,GOOG
2022-12-29 15:57:00+00:00,88.71,88.74,88.71,88.72,634,8,88.725833,GOOG
2022-12-29 15:56:00+00:00,88.63,88.7,88.63,88.7,1013,11,88.679044,GOOG
2022-12-29 15:55:00+00:00,88.605,88.63,88.605,88.63,416,6,88.61875,GOOG
2022-12-29 15:53:00+00:00,88.605,88.605,88.59,88.59,397,4,88.598333,GOOG
2022-12-29 15:52:00+00:00,88.57,88.58,88.57,88.58,351,11,88.575,GOOG
2022-12-29 15:51:00+00:00,88.55,88.56,88.54,88.54,400,4,88.55,GOOG
2022-12-29 15:50:00+00:00,88.46,88.46,88.46,88.46,150,2,88.46,GOOG
2022-12-29 15:49:00+00:00,88.45,88.5,88.44,88.44,1618,18,88.475333,GOOG
2022-12-29 15:48:00+00:00,88.57,88.57,88.57,88.57,223,5,88.57,GOOG
2022-12-29 15:47:00+00:00,88.49,88.56,88.49,88.56,469,7,88.5275,GOOG
2022-12-29 15:46:00+00:00,88.56,88.6,88.555,88.555,651,8,88.570833,GOOG
2022-12-29 15:45:00+00:00,88.5,88.52,88.5,88.52,303,7,88.51,GOOG
2022-12-29 15:44:00+00:00,88.45,88.45,88.45,88.45,245,7,88.45,GOOG
2022-12-29 15:43:00+00:00,88.47,88.47,88.43,88.44,866,12,88.447215,GOOG
2022-12-29 15:42:00+00:00,88.35,88.44,88.35,88.44,829,10,88.411429,GOOG
2022-12-29 15:41:00+00:00,88.31,88.35,88.31,88.35,350,3,88.336667,GOOG
2022-12-29 15:40:00+00:00,88.28,88.28,88.27,88.27,276,4,88.275,GOOG
2022-12-29 15:38:00+00:00,88.32,88.32,88.32,88.32,100,1,88.32,GOOG
2022-12-29 15:37:00+00:00,88.275,88.28,88.25,88.27,1300,10,88.267308,GOOG
2022-12-29 15:36:00+00:00,88.32,88.32,88.275,88.275,1100,10,88.302273,GOOG
2022-12-29 15:35:00+00:00,88.19,88.305,88.19,88.305,1166,14,88.2625,GOOG
2022-12-29 15:34:00+00:00,88.185,88.205,88.185,88.205,400,4,88.19625,GOOG
2022-12-29 15:33:00+00:00,88.175,88.21,88.175,88.18,670,9,88.19,GOOG
2022-12-29 15:32:00+00:00,88.17,88.21,88.16,88.2,550,5,88.182,GOOG
2022-12-29 15:31:00+00:00,88.19,88.19,88.165,88.17,643,10,88.175,GOOG
2022-12-29 15:30:00+00:00,88.13,88.19,88.13,88.19,1362,11,88.140595,GOOG
2022-12-29 15:29:00+00:00,88.13,88.14,88.11,88.12,1297,12,88.120833,GOOG
2022-12-29 15:28:00+00:00,88.16,88.16,88.16,88.16,200,2,88.16,GOOG
2022-12-29 15:27:00+00:00,88.13,88.14,88.09,88.14,1020,14,88.124286,GOOG
2022-12-29 15:26:00+00:00,88.205,88.205,88.115,88.12,1859,17,88.145938,GOOG
2022-12-29 15:25:00+00:00,88.26,88.29,88.225,88.225,1194,10,88.270455,GOOG
2022-12-29 15:24:00+00:00,88.265,88.265,88.24,88.25,707,6,88.255,GOOG
2022-12-29 15:23:00+00:00,88.305,88.315,88.295,88.315,355,6,88.305,GOOG
2022-12-29 15:22:00+00:00,88.29,88.32,88.29,88.3,663,7,88.3025,GOOG
2022-12-29 15:21:00+00:00,88.33,88.33,88.28,88.29,578,6,88.294205,GOOG
2022-12-29 15:20:00+00:00,88.33,88.33,88.31,88.32,620,5,88.319506,GOOG
2022-12-29 15:19:00+00:00,88.31,88.32,88.25,88.315,654,7,88.299954,GOOG
2022-12-29 15:18:00+00:00,88.22,88.34,88.22,88.34,1700,7,88.244688,GOOG
2022-12-29 15:17:00+00:00,88.29,88.295,88.24,88.24,2700,8,88.246154,GOOG
2022-12-29 15:16:00+00:00,88.29,88.3,88.25,88.25,648,7,88.288,GOOG
2022-12-29 15:15:00+00:00,88.26,88.29,88.26,88.29,504,8,88.275,GOOG
2022-12-29 15:14:00+00:00,88.2,88.25,88.2,88.22,511,7,88.22875,GOOG
2022-12-29 15:13:00+00:00,88.15,88.16,88.125,88.16,405,3,88.14837,GOOG
2022-12-29 15:12:00+00:00,88.19,88.21,88.18,88.18,687,5,88.193333,GOOG
2022-12-29 15:11:00+00:00,88.15,88.15,88.15,88.15,200,2,88.15,GOOG
2022-12-29 15:10:00+00:00,88.11,88.16,88.11,88.16,300,3,88.126667,GOOG
2022-12-29 15:09:00+00:00,88.24,88.24,88.12,88.12,343,4,88.173333,GOOG
2022-12-29 15:08:00+00:00,88.19,88.2,88.19,88.19,464,6,88.195,GOOG
2022-12-29 15:07:00+00:00,88.12,88.205,88.12,88.205,359,4,88.161667,GOOG
2022-12-29 15:06:00+00:00,88.01,88.1,88.01,88.1,310,6,88.046667,GOOG
2022-12-29 15:05:00+00:00,87.9,87.92,87.9,87.92,200,2,87.91,GOOG
2022-12-29 15:04:00+00:00,87.88,87.88,87.87,87.87,316,4,87.875,GOOG
2022-12-29 15:03:00+00:00,87.88,87.88,87.81,87.81,1062,12,87.832,GOOG
2022-12-29 15:02:00+00:00,87.92,87.95,87.92,87.95,400,5,87.94,GOOG
2022-12-29 15:01:00+00:00,88.08,88.08,87.95,87.95,301,4,87.996667,GOOG
2022-12-29 15:00:00+00:00,88.0,88.11,88.0,88.06,1703,18,88.052643,GOOG
2022-12-29 14:59:00+00:00,87.985,87.985,87.95,87.95,2632,19,87.963179,GOOG
2022-12-29 14:58:00+00:00,87.965,87.975,87.91,87.96,517,6,87.9525,GOOG
2022-12-29 14:57:00+00:00,87.89,87.93,87.875,87.93,641,9,87.89625,GOOG
2022-12-29 14:56:00+00:00,87.92,87.92,87.895,87.895,619,9,87.91,GOOG
2022-12-29 14:55:00+00:00,87.91,87.98,87.91,87.935,1091,11,87.948742,GOOG
2022-12-29 14:54:00+00:00,87.81,87.835,87.81,87.835,394,6,87.8225,GOOG
2022-12-29 14:53:00+00:00,87.695,87.75,87.695,87.74,1359,9,87.733333,GOOG
2022-12-29 14:52:00+00:00,87.84,87.865,87.815,87.85,3154,24,87.845714,GOOG
2022-12-29 14:51:00+00:00,87.97,87.97,87.885,87.89,400,4,87.925,GOOG
2022-12-29 14:50:00+00:00,88.0,88.03,87.99,88.01,1382,17,88.004314,GOOG
2022-12-29 14:49:00+00:00,87.91,87.92,87.88,87.92,2882,16,87.906481,GOOG
2022-12-29 14:48:00+00:00,87.9,87.955,87.88,87.94,1923,23,87.920122,GOOG
2022-12-29 14:47:00+00:00,87.92,87.95,87.87,87.88,1092,14,87.905,GOOG
2022-12-29 14:46:00+00:00,87.82,87.91,87.82,87.91,1708,19,87.873,GOOG
2022-12-29 14:45:00+00:00,87.81,87.85,87.79,87.79,2771,26,87.824792,GOOG
2022-12-29 14:44:00+00:00,87.86,87.86,87.76,87.76,300,3,87.806667,GOOG
2022-12-29 14:43:00+00:00,87.79,87.86,87.79,87.84,906,11,87.844286,GOOG
2022-12-29 14:42:00+00:00,87.84,87.84,87.72,87.8,1201,13,87.779167,GOOG
2022-12-29 14:41:00+00:00,87.82,87.84,87.82,87.83,1560,9,87.823846,GOOG
2022-12-29 14:40:00+00:00,87.68,87.76,87.68,87.75,1207,11,87.713636,GOOG
2022-12-29 14:39:00+00:00,87.66,87.665,87.66,87.665,325,6,87.6625,GOOG
2022-12-29 14:38:00+00:00,87.66,87.66,87.61,87.61,329,4,87.626667,GOOG
2022-12-29 14:37:00+00:00,87.48,87.66,87.445,87.66,1556,17,87.559,GOOG
2022-12-29 14:36:00+00:00,87.39,87.53,87.35,87.49,1114,8,87.46,GOOG
2022-12-29 14:35:00+00:00,87.395,87.51,87.37,87.41,6285,30,87.475208,GOOG
2022-12-29 14:34:00+00:00,87.45,87.65,87.43,87.5,3352,30,87.536187,GOOG
2022-12-29 14:33:00+00:00,87.23,87.27,87.22,87.27,456,4,87.24354,GOOG
2022-12-29 14:32:00+00:00,87.355,87.36,87.33,87.34,400,4,87.34625,GOOG
2022-12-29 14:31:00+00:00,87.36,87.48,87.245,87.44,2305,24,87.385555,GOOG
2022-12-29 14:30:00+00:00,87.02,87.34,87.02,87.34,4087,51,87.246974,GOOG
2022-12-28 20:59:00+00:00,86.465,86.54,86.45,86.45,8375,76,86.486312,GOOG
2022-12-28 20:58:00+00:00,86.505,86.52,86.465,86.47,5887,63,86.488371,GOOG
2022-12-28 20:57:00+00:00,86.565,86.565,86.5,86.505,4334,59,86.519883,GOOG
2022-12-28 20:56:00+00:00,86.55,86.61,86.545,86.56,6991,100,86.577674,GOOG
2022-12-28 20:55:00+00:00,86.455,86.585,86.455,86.555,4096,44,86.544415,GOOG
2022-12-28 20:54:00+00:00,86.39,86.475,86.385,86.46,4143,55,86.439296,GOOG
2022-12-28 20:53:00+00:00,86.5,86.5,86.385,86.385,3915,46,86.454733,GOOG
2022-12-28 20:52:00+00:00,86.5,86.52,86.445,86.495,3573,36,86.4855,GOOG
2022-12-28 20:51:00+00:00,86.525,86.56,86.505,86.51,3109,35,86.534138,GOOG
2022-12-28 20:50:00+00:00,86.56,86.57,86.465,86.515,4655,42,86.535119,GOOG
2022-12-28 20:49:00+00:00,86.56,86.565,86.525,86.53,2873,29,86.5425,GOOG
2022-12-28 20:48:00+00:00,86.51,86.595,86.51,86.595,2022,19,86.55375,GOOG
2022-12-28 20:47:00+00:00,86.515,86.515,86.485,86.515,1568,15,86.504123,GOOG
2022-12-28 20:46:00+00:00,86.455,86.56,86.455,86.535,3113,27,86.536505,GOOG
2022-12-28 20:45:00+00:00,86.45,86.46,86.435,86.46,3359,37,86.450695,GOOG
2022-12-28 20:44:00+00:00,86.525,86.525,86.46,86.46,1801,29,86.500714,GOOG
2022-12-28 20:43:00+00:00,86.54,86.54,86.515,86.515,1323,20,86.528182,GOOG
2022-12-28 20:42:00+00:00,86.55,86.61,86.53,86.56,1630,18,86.57,GOOG
2022-12-28 20:41:00+00:00,86.54,86.55,86.53,86.55,826,20,86.544253,GOOG
2022-12-28 20:40:00+00:00,86.535,86.545,86.525,86.535,1198,16,86.533636,GOOG
2022-12-28 20:39:00+00:00,86.525,86.55,86.52,86.53,1016,15,86.532778,GOOG
2022-12-28 20:38:00+00:00,86.44,86.47,86.44,86.47,999,11,86.46,GOOG
2022-12-28 20:37:00+00:00,86.48,86.48,86.42,86.42,1014,19,86.439286,GOOG
2022-12-28 20:36:00+00:00,86.48,86.5,86.48,86.5,616,17,86.495,GOOG
2022-12-28 20:35:00+00:00,86.525,86.55,86.51,86.54,1301,18,86.5325,GOOG
2022-12-28 20:34:00+00:00,86.51,86.535,86.5,86.5,511,6,86.522,GOOG
2022-12-28 20:33:00+00:00,86.5,86.54,86.5,86.535,900,9,86.527778,GOOG
2022-12-28 20:32:00+00:00,86.57,86.595,86.5,86.5,1693,21,86.541748,GOOG
2022-12-28 20:31:00+00:00,86.51,86.56,86.51,86.55,900,14,86.543571,GOOG
2022-12-28 20:30:00+00:00,86.53,86.55,86.515,86.52,2004,17,86.534737,GOOG
2022-12-28 20:29:00+00:00,86.49,86.495,86.48,86.48,660,7,86.49,GOOG
2022-12-28 20:28:00+00:00,86.54,86.54,86.49,86.49,806,8,86.512407,GOOG
2022-12-28 20:27:00+00:00,86.53,86.56,86.53,86.535,867,15,86.546429,GOOG
2022-12-28 20:26:00+00:00,86.51,86.56,86.51,86.56,617,10,86.536005,GOOG
2022-12-28 20:25:00+00:00,86.48,86.525,86.48,86.495,1074,14,86.5015,GOOG
2022-12-28 20:24:00+00:00,86.47,86.48,86.47,86.47,1197,11,86.47632,GOOG
2022-12-28 20:23:00+00:00,86.51,86.51,86.46,86.47,904,14,86.475714,GOOG
2022-12-28 20:22:00+00:00,86.54,86.545,86.48,86.5,1239,19,86.5095,GOOG
2022-12-28 20:21:00+00:00,86.535,86.54,86.53,86.54,838,20,86.535833,GOOG
2022-12-28 20:20:00+00:00,86.575,86.615,86.54,86.54,1160,21,86.586875,GOOG
2022-12-28 20:19:00+00:00,86.64,86.645,86.59,86.59,819,13,86.624167,GOOG
2022-12-28 20:18:00+00:00,86.655,86.7,86.655,86.68,1600,19,86.678667,GOOG
2022-12-28 20:17:00+00:00,86.67,86.73,86.64,86.66,1272,14,86.692273,GOOG
2022-12-28 20:16:00+00:00,86.525,86.62,86.525,86.62,1100,11,86.5625,GOOG
2022-12-28 20:15:00+00:00,86.51,86.54,86.51,86.54,1039,11,86.521,GOOG
2022-12-28 20:14:00+00:00,86.53,86.53,86.52,86.52,503,6,86.526,GOOG
2022-12-28 20:13:00+00:00,86.54,86.545,86.53,86.53,413,5,86.53625,GOOG
2022-12-28 20:12:00+00:00,86.6,86.6,86.55,86.58,2063,25,86.580294,GOOG
2022-12-28 20:11:00+00:00,86.61,86.62,86.61,86.61,613,8,86.6125,GOOG
2022-12-28 20:10:00+00:00,86.62,86.62,86.595,86.595,991,12,86.609286,GOOG
2022-12-28 20:09:00+00:00,86.61,86.61,86.59,86.6,300,3,86.6,GOOG
2022-12-28 20:08:00+00:00,86.62,86.62,86.59,86.6,789,15,86.601504,GOOG
2022-12-28 20:07:00+00:00,86.545,86.6,86.545,86.6,1000,11,86.577222,GOOG
2022-12-28 20:06:00+00:00,86.51,86.54,86.5,86.54,1101,18,86.517143,GOOG
2022-12-28 20:05:00+00:00,86.53,86.53,86.51,86.51,1355,22,86.5255,GOOG
2022-12-28 20:04:00+00:00,86.53,86.53,86.5,86.5,636,8,86.505556,GOOG
2022-12-28 20:03:00+00:00,86.52,86.52,86.49,86.515,845,10,86.5075,GOOG
2022-12-28 20:02:00+00:00,86.49,86.52,86.49,86.52,1177,14,86.505471,GOOG
2022-12-28 20:01:00+00:00,86.58,86.59,86.51,86.51,900,9,86.549259,GOOG
2022-12-28 20:00:00+00:00,86.59,86.59,86.58,86.585,503,6,86.583,GOOG
2022-12-28 19:59:00+00:00,86.61,86.61,86.57,86.59,858,11,86.598333,GOOG
2022-12-28 19:58:00+00:00,86.64,86.65,86.64,86.64,518,7,86.644,GOOG
2022-12-28 19:57:00+00:00,86.6,86.63,86.6,86.63,370,6,86.62,GOOG
2022-12-28 19:56:00+00:00,86.56,86.6,86.56,86.6,300,3,86.583333,GOOG
2022-12-28 19:55:00+00:00,86.61,86.61,86.59,86.6,947,10,86.601667,GOOG
2022-12-28 19:54:00+00:00,86.65,86.66,86.62,86.645,1384,16,86.64875,GOOG
2022-12-28 19:53:00+00:00,86.65,86.65,86.63,86.63,409,5,86.645,GOOG
2022-12-28 19:52:00+00:00,86.67,86.68,86.66,86.66,413,5,86.6675,GOOG
2022-12-28 19:51:00+00:00,86.71,86.72,86.68,86.68,401,5,86.7075,GOOG
2022-12-28 19:50:00+00:00,86.74,86.74,86.735,86.735,251,4,86.7375,GOOG
2022-12-28 19:49:00+00:00,86.77,86.79,86.77,86.79,1000,10,86.78,GOOG
2022-12-28 19:48:00+00:00,86.85,86.85,86.785,86.785,460,9,86.81625,GOOG
2022-12-28 19:47:00+00:00,86.82,86.85,86.82,86.85,911,6,86.838333,GOOG
2022-12-28 19:46:00+00:00,86.87,86.87,86.81,86.81,403,5,86.8325,GOOG
2022-12-28 19:45:00+00:00,86.83,86.88,86.83,86.88,1065,14,86.864444,GOOG
2022-12-28 19:44:00+00:00,86.83,86.83,86.83,86.83,128,4,86.83,GOOG
2022-12-28 19:43:00+00:00,86.72,86.75,86.72,86.72,405,5,86.73,GOOG
2022-12-28 19:42:00+00:00,86.665,86.705,86.66,86.705,756,9,86.674286,GOOG
2022-12-28 19:41:00+00:00,86.625,86.655,86.625,86.64,715,8,86.639756,GOOG
2022-12-28 19:40:00+00:00,86.6,86.64,86.6,86.625,829,13,86.623,GOOG
2022-12-28 19:39:00+00:00,86.585,86.595,86.585,86.595,315,6,86.59,GOOG
2022-12-28 19:38:00+00:00,86.63,86.63,86.59,86.59,400,4,86.6075,GOOG
2022-12-28 19:37:00+00:00,86.64,86.66,86.62,86.64,509,7,86.636,GOOG
2022-12-28 19:36:00+00:00,86.67,86.68,86.635,86.635,950,9,86.664444,GOOG
2022-12-28 19:35:00+00:00,86.68,86.68,86.62,86.63,697,10,86.648,GOOG
2022-12-28 19:34:00+00:00,86.72,86.72,86.66,86.67,851,11,86.686875,GOOG
2022-12-28 19:33:00+00:00,86.81,86.81,86.71,86.72,600,6,86.7375,GOOG
2022-12-28 19:32:00+00:00,86.82,86.83,86.81,86.81,763,8,86.822857,GOOG
2022-12-28 19:31:00+00:00,86.75,86.81,86.75,86.81,544,7,86.780556,GOOG
2022-12-28 19:30:00+00:00,86.74,86.74,86.72,86.73,450,10,86.73,GOOG
2022-12-28 19:29:00+00:00,86.77,86.795,86.725,86.725,806,17,86.768574,GOOG
2022-12-28 19:28:00+00:00,86.81,86.81,86.765,86.765,600,6,86.790833,GOOG
2022-12-28 19:27:00+00:00,86.73,86.79,86.72,86.79,1217,19,86.76,GOOG
2022-12-28 19:26:00+00:00,86.73,86.75,86.73,86.74,479,6,86.74,GOOG
2022-12-28 19:25:00+00:00,86.795,86.82,86.76,86.76,1174,15,86.78221,GOOG
2022-12-28 19:24:00+00:00,86.81,86.81,86.775,86.775,414,7,86.798333,GOOG
2022-12-28 19:23:00+00:00,86.82,86.83,86.82,86.82,609,19,86.824,GOOG
2022-12-28 19:22:00+00:00,86.84,86.84,86.84,86.84,209,4,86.84,GOOG
2022-12-28 19:21:00+00:00,86.89,86.89,86.86,86.86,342,6,86.875,GOOG
2022-12-28 19:20:00+00:00,86.94,86.94,86.92,86.92,551,8,86.9275,GOOG
2022-12-28 19:19:00+00:00,86.93,86.95,86.93,86.93,611,7,86.936667,GOOG
2022-12-28 19:18:00+00:00,86.905,86.94,86.89,86.94,988,18,86.918125,GOOG
2022-12-28 19:17:00+00:00,86.89,86.91,86.87,86.91,436,7,86.892727,GOOG
2022-12-28 19:16:00+00:00,86.87,86.9,86.87,86.9,1253,12,86.8925,GOOG
2022-12-28 19:15:00+00:00,86.89,86.89,86.84,86.84,353,11,86.865,GOOG
2022-12-28 19:14:00+00:00,86.88,86.97,86.88,86.97,1100,10,86.913636,GOOG
2022-12-28 19:13:00+00:00,86.86,86.89,86.86,86.87,593,6,86.874,GOOG
2022-12-28 19:12:00+00:00,86.83,86.86,86.83,86.86,300,3,86.843333,GOOG
2022-12-28 19:11:00+00:00,86.89,86.9,86.86,86.86,724,9,86.875714,GOOG
2022-12-28 19:10:00+00:00,86.92,86.92,86.9,86.9,610,7,86.908333,GOOG
2022-12-28 19:09:00+00:00,86.93,86.93,86.91,86.91,621,7,86.920833,GOOG
2022-12-28 19:08:00+00:00,87.01,87.01,86.95,86.95,234,5,86.98,GOOG
2022-12-28 19:07:00+00:00,87.03,87.03,87.0,87.03,501,6,87.017,GOOG
2022-12-28 19:06:00+00:00,87.0,87.0,87.0,87.0,107,2,87.0,GOOG
2022-12-28 19:05:00+00:00,86.99,87.0,86.99,87.0,493,7,86.9975,GOOG
2022-12-28 19:04:00+00:00,87.0,87.02,86.98,86.98,794,16,87.0,GOOG
2022-12-28 19:03:00+00:00,86.92,86.98,86.92,86.98,202,3,86.95,GOOG
2022-12-28 19:02:00+00:00,86.895,86.91,86.895,86.91,711,13,86.901667,GOOG
2022-12-28 19:01:00+00:00,86.94,86.94,86.89,86.91,889,10,86.90875,GOOG
2022-12-28 19:00:00+00:00,86.935,86.97,86.935,86.95,1004,11,86.9495,GOOG
2022-12-28 18:59:00+00:00,86.935,86.955,86.93,86.93,1453,17,86.938214,GOOG
2022-12-28 18:58:00+00:00,86.93,86.94,86.93,86.94,401,5,86.9325,GOOG
2022-12-28 18:57:00+00:00,86.975,86.98,86.95,86.95,680,14,86.965,GOOG
2022-12-28 18:56:00+00:00,86.99,87.02,86.99,86.99,1350,12,87.007692,GOOG
2022-12-28 18:55:00+00:00,87.0,87.0,86.99,86.99,250,3,86.995,GOOG
2022-12-28 18:54:00+00:00,87.0,87.05,87.0,87.02,2090,24,87.033299,GOOG
2022-12-28 18:53:00+00:00,86.95,86.99,86.95,86.99,501,6,86.968,GOOG
2022-12-28 18:52:00+00:00,86.945,86.98,86.92,86.98,907,9,86.949851,GOOG
2022-12-28 18:51:00+00:00,87.055,87.055,87.055,87.055,212,8,87.055,GOOG
2022-12-28 18:50:00+00:00,87.08,87.08,87.05,87.05,500,5,87.064,GOOG
2022-12-28 18:49:00+00:00,87.1,87.11,87.09,87.09,666,8,87.104,GOOG
2022-12-28 18:48:00+00:00,87.07,87.07,87.06,87.06,202,4,87.065,GOOG
2022-12-28 18:47:00+00:00,87.08,87.08,87.08,87.08,102,3,87.08,GOOG
2022-12-28 18:46:00+00:00,87.15,87.15,87.11,87.11,600,6,87.128333,GOOG
2022-12-28 18:45:00+00:00,87.11,87.13,87.11,87.13,341,7,87.12,GOOG
2022-12-28 18:44:00+00:00,87.09,87.09,87.06,87.06,402,6,87.0775,GOOG
2022-12-28 18:43:00+00:00,87.12,87.12,87.06,87.08,526,7,87.084,GOOG
2022-12-28 18:42:00+00:00,87.12,87.16,87.12,87.16,524,8,87.134,GOOG
2022-12-28 18:41:00+00:00,87.08,87.08,87.08,87.08,300,2,87.08,GOOG
2022-12-28 18:40:00+00:00,87.03,87.075,87.03,87.075,403,6,87.055,GOOG
2022-12-28 18:39:00+00:00,87.03,87.03,86.99,86.99,300,3,87.013333,GOOG
2022-12-28 18:38:00+00:00,87.01,87.02,87.01,87.02,348,16,87.015,GOOG
2022-12-28 18:37:00+00:00,87.0,87.01,86.98,86.99,640,10,86.992,GOOG
2022-12-28 18:36:00+00:00,87.09,87.09,87.05,87.05,806,9,87.070625,GOOG
2022-12-28 18:34:00+00:00,87.13,87.13,87.07,87.07,403,5,87.095,GOOG
2022-12-28 18:33:00+00:00,87.15,87.15,87.13,87.13,403,5,87.14,GOOG
2022-12-28 18:32:00+00:00,87.14,87.15,87.14,87.15,300,7,87.145,GOOG
2022-12-28 18:31:00+00:00,87.23,87.23,87.14,87.14,1344,15,87.178182,GOOG
2022-12-28 18:30:00+00:00,87.23,87.23,87.215,87.215,351,5,87.225,GOOG
2022-12-28 18:29:00+00:00,87.18,87.22,87.17,87.22,745,10,87.191667,GOOG
2022-12-28 18:28:00+00:00,87.18,87.2,87.18,87.2,288,5,87.19,GOOG
2022-12-28 18:27:00+00:00,87.2,87.23,87.155,87.155,927,13,87.198125,GOOG
2022-12-28 18:26:00+00:00,87.165,87.21,87.165,87.19,755,9,87.193571,GOOG
2022-12-28 18:25:00+00:00,87.14,87.19,87.14,87.19,538,9,87.164,GOOG
2022-12-28 18:24:00+00:00,87.19,87.19,87.14,87.14,1552,16,87.155333,GOOG
2022-12-28 18:23:00+00:00,87.19,87.2,87.18,87.18,610,8,87.190833,GOOG
2022-12-28 18:22:00+00:00,87.21,87.21,87.2,87.21,406,5,87.2075,GOOG
2022-12-28 18:21:00+00:00,87.32,87.33,87.25,87.25,1103,14,87.2955,GOOG
2022-12-28 18:20:00+00:00,87.37,87.37,87.35,87.35,539,7,87.362,GOOG
2022-12-28 18:19:00+00:00,87.39,87.42,87.39,87.39,478,11,87.3975,GOOG
2022-12-28 18:18:00+00:00,87.37,87.38,87.37,87.38,304,5,87.373333,GOOG
2022-12-28 18:17:00+00:00,87.37,87.37,87.36,87.36,336,6,87.365,GOOG
2022-12-28 18:16:00+00:00,87.4,87.4,87.355,87.38,725,14,87.375,GOOG
2022-12-28 18:15:00+00:00,87.385,87.39,87.38,87.39,609,10,87.383,GOOG
2022-12-28 18:14:00+00:00,87.4,87.4,87.38,87.38,539,12,87.385,GOOG
2022-12-28 18:13:00+00:00,87.49,87.49,87.37,87.39,547,10,87.415,GOOG
2022-12-28 18:12:00+00:00,87.48,87.55,87.48,87.53,818,12,87.5225,GOOG
2022-12-28 18:11:00+00:00,87.55,87.55,87.5,87.5,301,4,87.526667,GOOG
2022-12-28 18:10:00+00:00,87.45,87.57,87.44,87.57,1761,19,87.499118,GOOG
2022-12-28 18:09:00+00:00,87.425,87.44,87.425,87.44,927,12,87.435641,GOOG
2022-12-28 18:08:00+00:00,87.43,87.455,87.43,87.455,535,8,87.441,GOOG
2022-12-28 18:07:00+00:00,87.43,87.43,87.42,87.43,331,9,87.426667,GOOG
2022-12-28 18:06:00+00:00,87.41,87.48,87.41,87.46,870,13,87.455862,GOOG
2022-12-28 18:05:00+00:00,87.38,87.4,87.38,87.4,283,11,87.39,GOOG
2022-12-28 18:04:00+00:00,87.38,87.435,87.38,87.41,1429,21,87.412441,GOOG
2022-12-28 18:03:00+00:00,87.31,87.35,87.31,87.35,551,8,87.338,GOOG
2022-12-28 18:02:00+00:00,87.34,87.34,87.3,87.34,605,6,87.325,GOOG
2022-12-28 18:01:00+00:00,87.275,87.36,87.275,87.36,1105,16,87.316111,GOOG
2022-12-28 18:00:00+00:00,87.255,87.27,87.2,87.255,1303,13,87.233462,GOOG
2022-12-28 17:59:00+00:00,87.25,87.3,87.25,87.265,474,8,87.27125,GOOG
2022-12-28 17:58:00+00:00,87.15,87.175,87.14,87.175,513,10,87.15625,GOOG
2022-12-28 17:57:00+00:00,87.13,87.14,87.13,87.13,400,4,87.1325,GOOG
2022-12-28 17:56:00+00:00,87.21,87.21,87.19,87.19,307,5,87.203333,GOOG
2022-12-28 17:55:00+00:00,87.19,87.22,87.18,87.22,488,7,87.196667,GOOG
2022-12-28 17:54:00+00:00,87.18,87.18,87.18,87.18,306,5,87.18,GOOG
2022-12-28 17:53:00+00:00,87.15,87.16,87.15,87.16,518,8,87.1575,GOOG
2022-12-28 17:52:00+00:00,87.14,87.145,87.14,87.14,520,8,87.14125,GOOG
2022-12-28 17:51:00+00:00,87.12,87.15,87.12,87.12,434,8,87.13,GOOG
2022-12-28 17:49:00+00:00,87.17,87.19,87.15,87.19,1050,9,87.175,GOOG
2022-12-28 17:48:00+00:00,87.26,87.26,87.21,87.21,760,14,87.245185,GOOG
2022-12-28 17:47:00+00:00,87.17,87.24,87.16,87.24,865,12,87.1975,GOOG
2022-12-28 17:46:00+00:00,87.11,87.14,87.11,87.14,836,12,87.129167,GOOG
2022-12-28 17:45:00+00:00,87.04,87.09,87.04,87.09,663,7,87.066667,GOOG
2022-12-28 17:43:00+00:00,87.03,87.07,87.03,87.06,473,7,87.05,GOOG
2022-12-28 17:42:00+00:00,86.98,87.01,86.98,87.01,611,7,86.999167,GOOG
2022-12-28 17:41:00+00:00,86.94,86.99,86.94,86.98,803,10,86.960714,GOOG
2022-12-28 17:40:00+00:00,86.99,86.99,86.93,86.93,404,6,86.95,GOOG
2022-12-28 17:39:00+00:00,87.0,87.0,86.96,86.96,200,2,86.98,GOOG
2022-12-28 17:38:00+00:00,87.02,87.02,86.97,86.97,506,8,87.0,GOOG
2022-12-28 17:37:00+00:00,87.05,87.05,87.015,87.03,1171,11,87.030909,GOOG
2022-12-28 17:36:00+00:00,87.04,87.09,87.04,87.055,772,9,87.072857,GOOG
2022-12-28 17:35:00+00:00,87.0,87.045,87.0,87.03,502,6,87.02125,GOOG
2022-12-28 17:34:00+00:00,86.98,86.99,86.98,86.99,617,8,86.982,GOOG
2022-12-28 17:33:00+00:00,86.97,87.01,86.96,87.0,3381,30,86.972759,GOOG
2022-12-28 17:32:00+00:00,86.9,86.96,86.9,86.92,1156,13,86.923636,GOOG
2022-12-28 17:31:00+00:00,86.91,86.91,86.89,86.9,634,9,86.896667,GOOG
2022-12-28 17:30:00+00:00,86.92,86.94,86.92,86.94,350,4,86.93,GOOG
2022-12-28 17:29:00+00:00,86.84,86.85,86.84,86.85,735,9,86.846349,GOOG
2022-12-28 17:28:00+00:00,86.84,86.84,86.83,86.83,407,7,86.836667,GOOG
2022-12-28 17:27:00+00:00,86.84,86.84,86.82,86.82,430,9,86.8275,GOOG
2022-12-28 17:26:00+00:00,86.79,86.81,86.77,86.81,599,11,86.7875,GOOG
2022-12-28 17:25:00+00:00,86.805,86.82,86.8,86.8,1612,10,86.809063,GOOG
2022-12-28 17:24:00+00:00,86.77,86.77,86.77,86.77,303,6,86.77,GOOG
2022-12-28 17:23:00+00:00,86.77,86.79,86.77,86.79,472,12,86.783333,GOOG
2022-12-28 17:22:00+00:00,86.74,86.755,86.705,86.75,1427,9,86.732846,GOOG
2022-12-28 17:21:00+00:00,86.7,86.73,86.7,86.72,502,6,86.716,GOOG
2022-12-28 17:20:00+00:00,86.71,86.735,86.69,86.735,1334,14,86.722273,GOOG
2022-12-28 17:18:00+00:00,86.615,86.675,86.615,86.675,1986,9,86.642774,GOOG
2022-12-28 17:17:00+00:00,86.65,86.65,86.62,86.62,444,5,86.636667,GOOG
2022-12-28 17:16:00+00:00,86.66,86.67,86.65,86.65,402,6,86.65875,GOOG
2022-12-28 17:15:00+00:00,86.68,86.69,86.68,86.69,303,4,86.683333,GOOG
2022-12-28 17:14:00+00:00,86.71,86.71,86.68,86.68,600,8,86.6925,GOOG
2022-12-28 17:13:00+00:00,86.74,86.75,86.7,86.72,603,8,86.723333,GOOG
2022-12-28 17:12:00+00:00,86.72,86.72,86.72,86.72,394,5,86.72,GOOG
2022-12-28 17:11:00+00:00,86.77,86.78,86.77,86.78,401,5,86.775,GOOG
2022-12-28 17:10:00+00:00,86.79,86.79,86.79,86.79,213,3,86.79,GOOG
2022-12-28 17:09:00+00:00,86.75,86.75,86.71,86.75,900,8,86.737778,GOOG
2022-12-28 17:08:00+00:00,86.7,86.77,86.67,86.77,1096,13,86.735341,GOOG
2022-12-28 17:07:00+00:00,86.65,86.65,86.65,86.65,100,1,86.65,GOOG
2022-12-28 17:06:00+00:00,86.7,86.7,86.68,86.68,302,5,86.69,GOOG
2022-12-28 17:05:00+00:00,86.67,86.68,86.65,86.65,333,5,86.666667,GOOG
2022-12-28 17:04:00+00:00,86.7,86.7,86.65,86.66,677,10,86.676,GOOG
2022-12-28 17:03:00+00:00,86.71,86.73,86.71,86.71,517,8,86.715,GOOG
2022-12-28 17:02:00+00:00,86.77,86.77,86.66,86.66,407,5,86.7125,GOOG
2022-12-28 17:01:00+00:00,86.78,86.78,86.75,86.77,700,7,86.768571,GOOG
2022-12-28 17:00:00+00:00,86.655,86.81,86.63,86.77,1602,16,86.738571,GOOG
2022-12-28 16:59:00+00:00,86.67,86.68,86.67,86.68,222,5,86.675,GOOG
2022-12-28 16:58:00+00:00,86.68,86.68,86.66,86.665,650,15,86.672222,GOOG
2022-12-28 16:57:00+00:00,86.68,86.68,86.68,86.68,157,4,86.68,GOOG
2022-12-28 16:56:00+00:00,86.67,86.68,86.665,86.67,637,11,86.671,GOOG
2022-12-28 16:55:00+00:00,86.74,86.74,86.67,86.67,500,5,86.708,GOOG
2022-12-28 16:54:00+00:00,86.75,86.75,86.73,86.73,1651,9,86.735,GOOG
2022-12-28 16:53:00+00:00,86.745,86.76,86.73,86.73,646,7,86.75,GOOG
2022-12-28 16:52:00+00:00,86.77,86.77,86.77,86.77,274,5,86.77,GOOG
2022-12-28 16:51:00+00:00,86.7,86.7,86.69,86.69,250,3,86.695,GOOG
2022-12-28 16:50:00+00:00,86.66,86.66,86.65,86.65,500,5,86.656,GOOG
2022-12-28 16:49:00+00:00,86.68,86.7,86.65,86.65,468,10,86.676667,GOOG
2022-12-28 16:48:00+00:00,86.665,86.68,86.66,86.68,825,11,86.669167,GOOG
2022-12-28 16:47:00+00:00,86.73,86.73,86.7,86.71,640,8,86.712,GOOG
2022-12-28 16:46:00+00:00,86.75,86.75,86.715,86.73,1101,16,86.73,GOOG
2022-12-28 16:45:00+00:00,86.81,86.81,86.75,86.75,301,4,86.78,GOOG
2022-12-28 16:44:00+00:00,86.8,86.83,86.8,86.83,410,7,86.82,GOOG
2022-12-28 16:43:00+00:00,86.8,86.84,86.8,86.81,591,8,86.818,GOOG
2022-12-28 16:42:00+00:00,86.81,86.86,86.81,86.81,781,12,86.83,GOOG
2022-12-28 16:41:00+00:00,86.81,86.85,86.81,86.85,403,6,86.8325,GOOG
2022-12-28 16:40:00+00:00,86.78,86.84,86.78,86.805,1000,10,86.8155,GOOG
2022-12-28 16:39:00+00:00,86.79,86.81,86.78,86.78,1119,12,86.7925,GOOG
2022-12-28 16:38:00+00:00,86.85,86.85,86.74,86.77,647,12,86.784,GOOG
2022-12-28 16:37:00+00:00,86.83,86.83,86.83,86.83,150,2,86.83,GOOG
2022-12-28 16:36:00+00:00,86.85,86.85,86.84,86.84,992,9,86.846193,GOOG
2022-12-28 16:35:00+00:00,86.8,86.81,86.8,86.81,204,3,86.805,GOOG
2022-12-28 16:33:00+00:00,86.89,86.91,86.85,86.85,990,14,86.892625,GOOG
2022-12-28 16:32:00+00:00,86.94,86.95,86.89,86.9,1730,16,86.910313,GOOG
2022-12-28 16:31:00+00:00,86.92,86.93,86.92,86.93,564,5,86.922,GOOG
2022-12-28 16:30:00+00:00,86.89,86.93,86.89,86.89,654,8,86.908333,GOOG
2022-12-28 16:29:00+00:00,86.86,86.89,86.86,86.88,540,7,86.8775,GOOG
2022-12-28 16:28:00+00:00,86.87,86.87,86.87,86.87,137,3,86.87,GOOG
2022-12-28 16:27:00+00:00,86.87,86.87,86.855,86.86,353,5,86.861667,GOOG
2022-12-28 16:26:00+00:00,86.93,86.95,86.93,86.93,515,6,86.934,GOOG
2022-12-28 16:25:00+00:00,86.86,86.88,86.86,86.88,210,3,86.87,GOOG
2022-12-28 16:24:00+00:00,86.87,86.87,86.81,86.81,354,7,86.833333,GOOG
2022-12-28 16:23:00+00:00,86.85,86.85,86.85,86.85,329,7,86.85,GOOG
2022-12-28 16:22:00+00:00,86.86,86.86,86.85,86.86,400,4,86.855,GOOG
2022-12-28 16:21:00+00:00,86.93,86.93,86.91,86.92,609,7,86.918806,GOOG
2022-12-28 16:20:00+00:00,86.85,86.93,86.85,86.92,550,6,86.896,GOOG
2022-12-28 16:19:00+00:00,86.79,86.85,86.77,86.85,957,12,86.795714,GOOG
2022-12-28 16:18:00+00:00,86.77,86.77,86.71,86.74,947,9,86.74125,GOOG
2022-12-28 16:17:00+00:00,86.805,86.805,86.76,86.76,600,7,86.781,GOOG
2022-12-28 16:16:00+00:00,86.75,86.79,86.75,86.79,907,11,86.776429,GOOG
2022-12-28 16:15:00+00:00,86.795,86.795,86.75,86.76,700,7,86.770014,GOOG
2022-12-28 16:14:00+00:00,86.84,86.84,86.755,86.77,950,11,86.806875,GOOG
2022-12-28 16:13:00+00:00,86.89,86.89,86.83,86.83,751,9,86.843333,GOOG
2022-12-28 16:12:00+00:00,86.94,86.94,86.9,86.9,600,6,86.915833,GOOG
2022-12-28 16:11:00+00:00,86.86,86.9,86.86,86.9,874,11,86.888571,GOOG
2022-12-28 16:10:00+00:00,86.84,86.88,86.83,86.88,739,12,86.846,GOOG
2022-12-28 16:09:00+00:00,86.9,86.9,86.87,86.87,307,5,86.89,GOOG
2022-12-28 16:08:00+00:00,86.89,86.93,86.89,86.89,1304,14,86.901538,GOOG
2022-12-28 16:07:00+00:00,86.885,86.92,86.87,86.89,1222,12,86.905,GOOG
2022-12-28 16:06:00+00:00,86.89,86.915,86.885,86.885,950,10,86.896667,GOOG
2022-12-28 16:05:00+00:00,86.89,86.89,86.88,86.89,907,25,86.888,GOOG
2022-12-28 16:04:00+00:00,86.8,86.87,86.8,86.87,550,7,86.835,GOOG
2022-12-28 16:03:00+00:00,86.71,86.77,86.71,86.77,834,14,86.757143,GOOG
2022-12-28 16:02:00+00:00,86.86,86.86,86.72,86.72,1351,12,86.790387,GOOG
2022-12-28 16:01:00+00:00,86.925,86.93,86.87,86.88,1625,18,86.89875,GOOG
2022-12-28 16:00:00+00:00,86.78,86.905,86.78,86.865,1024,18,86.857554,GOOG
2022-12-28 15:59:00+00:00,86.815,86.85,86.8,86.82,1263,20,86.825556,GOOG
2022-12-28 15:58:00+00:00,86.97,86.97,86.86,86.86,1678,25,86.929,GOOG
2022-12-28 15:57:00+00:00,86.99,87.0,86.93,86.95,1367,25,86.961154,GOOG
2022-12-28 15:56:00+00:00,86.98,87.0,86.95,86.995,1099,14,86.977778,GOOG
2022-12-28 15:55:00+00:00,87.03,87.03,86.97,86.97,1146,18,86.998333,GOOG
2022-12-28 15:54:00+00:00,87.07,87.07,86.97,86.99,1450,15,87.025385,GOOG
2022-12-28 15:53:00+00:00,87.02,87.1,87.02,87.065,2660,26,87.055098,GOOG
2022-12-28 15:52:00+00:00,87.12,87.12,87.02,87.025,1550,19,87.058846,GOOG
2022-12-28 15:51:00+00:00,87.11,87.15,87.08,87.14,908,10,87.13,GOOG
2022-12-28 15:50:00+00:00,87.2,87.2,87.13,87.13,501,6,87.164,GOOG
2022-12-28 15:49:00+00:00,87.24,87.24,87.19,87.21,503,5,87.206,GOOG
2022-12-28 15:48:00+00:00,87.27,87.28,87.26,87.26,1330,10,87.272692,GOOG
2022-12-28 15:47:00+00:00,87.23,87.29,87.21,87.29,1766,13,87.238268,GOOG
2022-12-28 15:46:00+00:00,87.23,87.23,87.17,87.21,822,12,87.204286,GOOG
2022-12-28 15:45:00+00:00,87.27,87.29,87.27,87.29,758,19,87.285,GOOG
2022-12-28 15:44:00+00:00,87.27,87.29,87.25,87.27,990,11,87.271111,GOOG
2022-12-28 15:43:00+00:00,87.36,87.36,87.31,87.31,800,7,87.3275,GOOG
2022-12-28 15:42:00+00:00,87.37,87.39,87.33,87.33,449,6,87.363333,GOOG
2022-12-28 15:41:00+00:00,87.35,87.38,87.32,87.32,603,9,87.35,GOOG
2022-12-28 15:40:00+00:00,87.2,87.31,87.2,87.31,521,8,87.25375,GOOG
2022-12-28 15:39:00+00:00,87.2,87.22,87.2,87.21,720,8,87.208571,GOOG
2022-12-28 15:38:00+00:00,87.21,87.21,87.16,87.18,1866,24,87.173971,GOOG
2022-12-28 15:37:00+00:00,87.33,87.38,87.25,87.27,1606,10,87.291875,GOOG
2022-12-28 15:36:00+00:00,87.39,87.39,87.29,87.29,818,11,87.371429,GOOG
2022-12-28 15:35:00+00:00,87.37,87.42,87.37,87.4,750,9,87.401429,GOOG
2022-12-28 15:34:00+00:00,87.47,87.47,87.39,87.4,900,12,87.41625,GOOG
2022-12-28 15:33:00+00:00,87.5,87.5,87.45,87.45,600,6,87.49,GOOG
2022-12-28 15:32:00+00:00,87.41,87.5,87.41,87.49,1419,15,87.47561,GOOG
2022-12-28 15:31:00+00:00,87.35,87.43,87.35,87.43,866,11,87.381667,GOOG
2022-12-28 15:30:00+00:00,87.36,87.36,87.24,87.28,1484,18,87.305572,GOOG
2022-12-28 15:29:00+00:00,87.4,87.4,87.28,87.31,1011,15,87.342857,GOOG
2022-12-28 15:28:00+00:00,87.42,87.43,87.41,87.43,1242,11,87.421818,GOOG
2022-12-28 15:27:00+00:00,87.51,87.51,87.455,87.455,623,16,87.486822,GOOG
2022-12-28 15:26:00+00:00,87.5,87.51,87.41,87.43,3201,29,87.480862,GOOG
2022-12-28 15:25:00+00:00,87.7,87.73,87.48,87.53,917,10,87.580556,GOOG
