timestamp,open_price,high_price,low_price,close_price,volume,num_trades,volume_weighted_price,symbol
2022-06-27 19:54:00+00:00,263.63,263.97,263.47,263.96,6264,68,263.738326,MSFT
2022-06-27 19:53:00+00:00,263.55,263.565,263.29,263.46,3713,37,263.471486,MSFT
2022-06-27 19:52:00+00:00,263.69,263.99,263.61,263.61,3285,43,263.797738,MSFT
2022-06-27 19:51:00+00:00,263.76,263.83,263.665,263.72,3126,35,263.719619,MSFT
2022-06-27 19:50:00+00:00,264.5,264.5,263.63,263.805,7418,99,263.915228,MSFT
2022-06-27 19:49:00+00:00,264.52,264.685,264.35,264.64,3532,38,264.514063,MSFT
2022-06-27 19:48:00+00:00,264.555,264.72,264.53,264.6,2520,29,264.611853,MSFT
2022-06-27 19:47:00+00:00,264.775,264.775,264.53,264.65,2685,37,264.626522,MSFT
2022-06-27 19:46:00+00:00,264.87,264.9,264.815,264.815,2186,28,264.83175,MSFT
2022-06-27 19:45:00+00:00,264.79,265.065,264.72,264.855,6480,49,264.855423,MSFT
2022-06-27 19:44:00+00:00,264.6,264.79,264.6,264.78,2733,21,264.706696,MSFT
2022-06-27 19:43:00+00:00,264.51,264.585,264.5,264.56,3460,31,264.53826,MSFT
2022-06-27 19:42:00+00:00,264.44,264.495,264.26,264.495,2268,26,264.404286,MSFT
2022-06-27 19:41:00+00:00,264.18,264.41,264.16,264.4,3016,30,264.275278,MSFT
2022-06-27 19:40:00+00:00,263.895,264.185,263.835,264.13,6118,52,264.031717,MSFT
2022-06-27 19:39:00+00:00,263.865,264.04,263.865,263.91,1113,17,263.941875,MSFT
2022-06-27 19:38:00+00:00,264.155,264.155,263.78,263.78,1574,23,264.001429,MSFT
2022-06-27 19:37:00+00:00,264.04,264.29,264.04,264.16,2330,28,264.140263,MSFT
2022-06-27 19:36:00+00:00,264.22,264.245,264.07,264.07,1230,21,264.158333,MSFT
2022-06-27 19:35:00+00:00,264.24,264.35,264.19,264.27,832,14,264.265,MSFT
2022-06-27 19:34:00+00:00,264.42,264.42,264.36,264.365,1551,16,264.395714,MSFT
2022-06-27 19:33:00+00:00,264.52,264.52,264.375,264.45,1479,19,264.442917,MSFT
2022-06-27 19:32:00+00:00,264.375,264.425,264.375,264.42,572,7,264.399,MSFT
2022-06-27 19:31:00+00:00,264.41,264.42,264.31,264.415,1767,24,264.384286,MSFT
2022-06-27 19:30:00+00:00,264.39,264.46,264.385,264.41,1144,17,264.43,MSFT
2022-06-27 19:29:00+00:00,264.29,264.56,264.29,264.55,1012,12,264.484444,MSFT
2022-06-27 19:28:00+00:00,264.46,264.46,264.33,264.385,1684,18,264.376,MSFT
2022-06-27 19:27:00+00:00,264.53,264.53,264.38,264.48,948,16,264.43375,MSFT
2022-06-27 19:26:00+00:00,264.79,264.79,264.53,264.53,1678,18,264.664667,MSFT
2022-06-27 19:25:00+00:00,264.48,264.74,264.46,264.74,2836,38,264.553231,MSFT
2022-06-27 19:24:00+00:00,264.44,264.48,264.42,264.44,1197,18,264.455,MSFT
2022-06-27 19:23:00+00:00,264.42,264.48,264.42,264.47,963,12,264.460142,MSFT
2022-06-27 19:22:00+00:00,264.6,264.65,264.49,264.49,1316,15,264.568056,MSFT
2022-06-27 19:21:00+00:00,264.56,264.61,264.48,264.56,1787,21,264.5375,MSFT
2022-06-27 19:20:00+00:00,264.76,264.765,264.57,264.57,1080,15,264.6615,MSFT
2022-06-27 19:19:00+00:00,264.68,264.88,264.68,264.88,1388,16,264.78625,MSFT
2022-06-27 19:18:00+00:00,264.85,264.85,264.61,264.67,1069,11,264.715554,MSFT
2022-06-27 19:17:00+00:00,264.65,264.78,264.65,264.78,1674,14,264.717188,MSFT
2022-06-27 19:16:00+00:00,264.605,264.8,264.605,264.69,1908,22,264.715278,MSFT
2022-06-27 19:15:00+00:00,264.695,264.75,264.6,264.6,1983,26,264.687636,MSFT
2022-06-27 19:14:00+00:00,264.66,264.72,264.645,264.67,2550,27,264.677708,MSFT
2022-06-27 19:13:00+00:00,264.69,264.735,264.655,264.735,1051,19,264.691875,MSFT
2022-06-27 19:12:00+00:00,264.54,264.7,264.5,264.655,2585,25,264.608805,MSFT
2022-06-27 19:11:00+00:00,264.36,264.61,264.36,264.61,2401,24,264.49125,MSFT
2022-06-27 19:10:00+00:00,264.24,264.6,264.24,264.37,1157,14,264.412273,MSFT
2022-06-27 19:09:00+00:00,264.18,264.37,264.18,264.315,3529,45,264.283959,MSFT
2022-06-27 19:08:00+00:00,264.145,264.22,264.145,264.21,1555,14,264.198985,MSFT
2022-06-27 19:07:00+00:00,264.09,264.16,264.08,264.15,914,11,264.123333,MSFT
2022-06-27 19:06:00+00:00,263.89,264.17,263.89,264.15,1190,13,264.106818,MSFT
2022-06-27 19:05:00+00:00,264.11,264.155,263.88,263.98,1627,20,264.031,MSFT
2022-06-27 19:04:00+00:00,264.365,264.365,264.09,264.145,1480,15,264.227692,MSFT
2022-06-27 19:03:00+00:00,264.19,264.38,264.17,264.38,3306,38,264.250018,MSFT
2022-06-27 19:02:00+00:00,264.49,264.5,264.36,264.4,1640,17,264.402667,MSFT
2022-06-27 19:01:00+00:00,264.78,264.78,264.54,264.59,538,7,264.639,MSFT
2022-06-27 19:00:00+00:00,264.72,264.82,264.6,264.82,1795,19,264.700588,MSFT
2022-06-27 18:59:00+00:00,264.73,264.84,264.73,264.76,1657,18,264.789742,MSFT
2022-06-27 18:58:00+00:00,265.0,265.0,264.76,264.76,1517,18,264.817857,MSFT
2022-06-27 18:57:00+00:00,264.92,265.065,264.92,265.065,567,15,265.003,MSFT
2022-06-27 18:56:00+00:00,264.85,264.9,264.85,264.9,750,9,264.872857,MSFT
2022-06-27 18:55:00+00:00,264.94,264.95,264.78,264.83,924,13,264.853068,MSFT
2022-06-27 18:54:00+00:00,264.94,264.94,264.87,264.89,960,10,264.891111,MSFT
2022-06-27 18:53:00+00:00,264.94,264.94,264.94,264.94,107,2,264.94,MSFT
2022-06-27 18:52:00+00:00,265.02,265.02,264.89,264.89,803,7,264.949375,MSFT
2022-06-27 18:51:00+00:00,264.95,265.03,264.95,264.96,701,6,264.985714,MSFT
2022-06-27 18:50:00+00:00,265.22,265.22,265.14,265.16,1157,17,265.171992,MSFT
2022-06-27 18:49:00+00:00,265.19,265.31,265.13,265.235,1674,17,265.244154,MSFT
2022-06-27 18:48:00+00:00,265.15,265.17,265.09,265.17,1538,18,265.133797,MSFT
2022-06-27 18:47:00+00:00,265.085,265.085,264.88,264.88,1139,13,264.9765,MSFT
2022-06-27 18:46:00+00:00,265.14,265.14,265.01,265.01,557,12,265.063,MSFT
2022-06-27 18:45:00+00:00,265.13,265.16,265.13,265.16,438,7,265.145,MSFT
2022-06-27 18:44:00+00:00,265.17,265.17,265.045,265.045,1360,19,265.117835,MSFT
2022-06-27 18:43:00+00:00,265.02,265.13,264.99,265.13,1094,11,265.038,MSFT
2022-06-27 18:42:00+00:00,265.13,265.135,265.025,265.025,1825,26,265.100981,MSFT
2022-06-27 18:41:00+00:00,265.11,265.155,265.1,265.14,1995,23,265.125977,MSFT
2022-06-27 18:40:00+00:00,265.36,265.36,265.11,265.12,1283,14,265.221667,MSFT
2022-06-27 18:39:00+00:00,265.42,265.45,265.37,265.37,1089,14,265.41,MSFT
2022-06-27 18:38:00+00:00,265.17,265.44,265.17,265.44,1144,13,265.365909,MSFT
2022-06-27 18:37:00+00:00,265.17,265.17,265.11,265.12,915,12,265.139488,MSFT
2022-06-27 18:36:00+00:00,265.15,265.17,265.15,265.17,552,11,265.166,MSFT
2022-06-27 18:35:00+00:00,265.19,265.27,265.185,265.27,1008,13,265.224375,MSFT
2022-06-27 18:34:00+00:00,265.03,265.19,265.02,265.19,1840,28,265.095277,MSFT
2022-06-27 18:33:00+00:00,264.985,265.01,264.97,265.01,402,5,264.98625,MSFT
2022-06-27 18:32:00+00:00,264.94,264.99,264.925,264.965,1675,18,264.954805,MSFT
2022-06-27 18:31:00+00:00,264.845,264.89,264.845,264.89,983,14,264.879375,MSFT
2022-06-27 18:30:00+00:00,264.92,264.93,264.705,264.77,549,7,264.849,MSFT
2022-06-27 18:29:00+00:00,264.91,264.91,264.88,264.905,759,13,264.898804,MSFT
2022-06-27 18:28:00+00:00,264.975,264.98,264.87,264.875,1985,22,264.93,MSFT
2022-06-27 18:27:00+00:00,265.05,265.05,265.01,265.01,1100,10,265.036818,MSFT
2022-06-27 18:26:00+00:00,264.995,265.06,264.985,265.06,1121,10,265.023182,MSFT
2022-06-27 18:25:00+00:00,264.89,264.99,264.81,264.98,1604,11,264.887188,MSFT
2022-06-27 18:24:00+00:00,264.94,265.015,264.93,265.015,802,9,264.961875,MSFT
2022-06-27 18:23:00+00:00,265.02,265.045,265.01,265.03,1057,18,265.0275,MSFT
2022-06-27 18:22:00+00:00,264.99,265.085,264.98,265.085,5304,25,264.99357,MSFT
2022-06-27 18:21:00+00:00,264.91,264.93,264.91,264.93,236,3,264.92,MSFT
2022-06-27 18:20:00+00:00,265.07,265.09,265.01,265.04,1204,16,265.045909,MSFT
2022-06-27 18:19:00+00:00,265.05,265.05,265.01,265.05,1151,14,265.0255,MSFT
2022-06-27 18:18:00+00:00,264.75,264.98,264.75,264.98,1460,14,264.882603,MSFT
2022-06-27 18:17:00+00:00,264.73,264.73,264.73,264.73,355,6,264.73,MSFT
2022-06-27 18:16:00+00:00,264.64,264.74,264.64,264.74,661,10,264.694167,MSFT
2022-06-27 18:15:00+00:00,264.62,264.73,264.62,264.68,932,9,264.692778,MSFT
2022-06-27 18:14:00+00:00,264.63,264.7,264.63,264.7,560,6,264.666,MSFT
2022-06-27 18:13:00+00:00,264.62,264.82,264.62,264.68,890,14,264.695714,MSFT
2022-06-27 18:12:00+00:00,264.52,264.54,264.35,264.54,989,10,264.441765,MSFT
2022-06-27 18:11:00+00:00,264.5,264.67,264.5,264.67,904,12,264.595,MSFT
2022-06-27 18:10:00+00:00,264.545,264.57,264.51,264.54,991,12,264.550556,MSFT
2022-06-27 18:09:00+00:00,264.58,264.58,264.5,264.5,345,6,264.546667,MSFT
2022-06-27 18:08:00+00:00,264.34,264.5,264.34,264.5,1027,11,264.45685,MSFT
2022-06-27 18:07:00+00:00,264.41,264.54,264.35,264.49,1201,14,264.462727,MSFT
2022-06-27 18:06:00+00:00,264.64,264.64,264.5,264.5,904,12,264.573333,MSFT
2022-06-27 18:05:00+00:00,264.72,264.75,264.66,264.66,553,8,264.72,MSFT
2022-06-27 18:04:00+00:00,264.72,264.72,264.63,264.655,741,9,264.66375,MSFT
2022-06-27 18:03:00+00:00,264.7,264.77,264.7,264.75,1945,24,264.734476,MSFT
2022-06-27 18:02:00+00:00,264.56,264.66,264.54,264.66,1130,13,264.595,MSFT
2022-06-27 18:01:00+00:00,264.4,264.77,264.37,264.56,2775,27,264.5532,MSFT
2022-06-27 18:00:00+00:00,264.56,264.56,264.41,264.465,1583,14,264.462804,MSFT
2022-06-27 17:59:00+00:00,264.63,264.67,264.56,264.56,1294,12,264.610833,MSFT
2022-06-27 17:58:00+00:00,264.68,264.68,264.52,264.64,2260,26,264.593761,MSFT
2022-06-27 17:57:00+00:00,264.54,264.54,264.54,264.54,113,3,264.54,MSFT
2022-06-27 17:56:00+00:00,264.57,264.61,264.57,264.585,509,7,264.587,MSFT
2022-06-27 17:55:00+00:00,264.63,264.63,264.6,264.6,578,10,264.62,MSFT
2022-06-27 17:54:00+00:00,264.61,264.72,264.61,264.72,650,6,264.681667,MSFT
2022-06-27 17:53:00+00:00,264.63,264.63,264.63,264.63,128,4,264.63,MSFT
2022-06-27 17:52:00+00:00,264.55,264.62,264.55,264.56,1495,10,264.584712,MSFT
2022-06-27 17:51:00+00:00,264.6,264.62,264.5,264.5,777,11,264.579286,MSFT
2022-06-27 17:50:00+00:00,264.54,264.63,264.54,264.63,677,6,264.5925,MSFT
2022-06-27 17:49:00+00:00,264.4,264.4,264.4,264.4,306,6,264.4,MSFT
2022-06-27 17:48:00+00:00,264.45,264.45,264.45,264.45,398,9,264.45,MSFT
2022-06-27 17:47:00+00:00,264.54,264.55,264.5,264.5,1127,10,264.529091,MSFT
2022-06-27 17:46:00+00:00,264.475,264.615,264.475,264.58,1124,12,264.5485,MSFT
2022-06-27 17:45:00+00:00,264.71,264.755,264.47,264.5,6294,23,264.598705,MSFT
2022-06-27 17:44:00+00:00,264.72,264.73,264.645,264.725,3536,35,264.707412,MSFT
2022-06-27 17:43:00+00:00,264.85,264.88,264.82,264.83,4274,81,264.848151,MSFT
2022-06-27 17:42:00+00:00,264.99,265.05,264.91,264.91,2318,27,264.971136,MSFT
2022-06-27 17:41:00+00:00,265.0,265.01,264.945,265.0,5929,53,264.994668,MSFT
2022-06-27 17:40:00+00:00,265.05,265.07,265.0,265.0,588,7,265.024,MSFT
2022-06-27 17:39:00+00:00,265.15,265.155,265.15,265.15,401,5,265.151667,MSFT
2022-06-27 17:38:00+00:00,265.09,265.14,265.09,265.135,1213,17,265.125865,MSFT
2022-06-27 17:37:00+00:00,265.15,265.15,265.02,265.02,500,4,265.05,MSFT
2022-06-27 17:36:00+00:00,265.06,265.23,265.06,265.23,1500,14,265.148,MSFT
2022-06-27 17:35:00+00:00,265.0,265.03,265.0,265.03,900,7,265.018415,MSFT
2022-06-27 17:34:00+00:00,265.03,265.04,264.995,265.04,726,10,265.014167,MSFT
2022-06-27 17:33:00+00:00,265.045,265.06,265.0,265.06,700,5,265.026429,MSFT
2022-06-27 17:32:00+00:00,265.0,265.05,264.995,265.05,1540,16,265.009643,MSFT
2022-06-27 17:31:00+00:00,265.0,265.09,265.0,265.09,815,13,265.07,MSFT
2022-06-27 17:30:00+00:00,265.08,265.16,265.0,265.03,753,9,265.061429,MSFT
2022-06-27 17:29:00+00:00,265.19,265.19,265.165,265.165,216,8,265.1775,MSFT
2022-06-27 17:28:00+00:00,265.1,265.14,265.1,265.14,937,15,265.11,MSFT
2022-06-27 17:27:00+00:00,265.2,265.22,265.13,265.13,563,9,265.194,MSFT
2022-06-27 17:26:00+00:00,265.11,265.2,265.11,265.19,1597,22,265.179231,MSFT
2022-06-27 17:25:00+00:00,265.36,265.36,265.31,265.33,842,6,265.331263,MSFT
2022-06-27 17:24:00+00:00,265.5,265.51,265.38,265.395,800,8,265.441875,MSFT
2022-06-27 17:23:00+00:00,265.54,265.54,265.54,265.54,288,6,265.54,MSFT
2022-06-27 17:22:00+00:00,265.62,265.635,265.62,265.635,207,4,265.6275,MSFT
2022-06-27 17:21:00+00:00,265.435,265.52,265.435,265.52,1089,13,265.452278,MSFT
2022-06-27 17:20:00+00:00,265.535,265.535,265.295,265.295,1110,16,265.419615,MSFT
2022-06-27 17:19:00+00:00,265.34,265.43,265.34,265.43,951,14,265.38,MSFT
2022-06-27 17:18:00+00:00,265.31,265.38,265.28,265.375,3692,22,265.358588,MSFT
2022-06-27 17:17:00+00:00,265.32,265.37,265.27,265.37,1609,18,265.305,MSFT
2022-06-27 17:16:00+00:00,265.55,265.59,265.37,265.37,1089,13,265.521667,MSFT
2022-06-27 17:15:00+00:00,265.38,265.38,265.37,265.37,596,6,265.376,MSFT
2022-06-27 17:14:00+00:00,265.44,265.46,265.41,265.43,1463,12,265.42933,MSFT
2022-06-27 17:13:00+00:00,265.49,265.52,265.45,265.475,711,9,265.485,MSFT
2022-06-27 17:12:00+00:00,265.41,265.45,265.395,265.45,601,7,265.429167,MSFT
2022-06-27 17:11:00+00:00,265.25,265.31,265.25,265.31,700,7,265.265714,MSFT
2022-06-27 17:10:00+00:00,265.17,265.18,265.17,265.18,469,7,265.1725,MSFT
2022-06-27 17:09:00+00:00,264.925,265.19,264.925,265.12,864,10,265.09,MSFT
2022-06-27 17:08:00+00:00,264.85,264.955,264.85,264.955,650,10,264.929167,MSFT
2022-06-27 17:07:00+00:00,264.95,265.01,264.88,264.88,711,9,264.951667,MSFT
2022-06-27 17:06:00+00:00,265.13,265.16,265.05,265.06,1998,23,265.1,MSFT
2022-06-27 17:05:00+00:00,265.18,265.29,265.12,265.12,1512,12,265.179167,MSFT
2022-06-27 17:04:00+00:00,265.39,265.39,265.29,265.29,469,8,265.3575,MSFT
2022-06-27 17:03:00+00:00,265.2,265.31,265.2,265.3,904,8,265.258889,MSFT
2022-06-27 17:02:00+00:00,265.52,265.52,265.1,265.24,3225,39,265.202045,MSFT
2022-06-27 17:01:00+00:00,265.49,265.53,265.48,265.48,466,7,265.5,MSFT
2022-06-27 17:00:00+00:00,265.65,265.67,265.555,265.555,1057,13,265.6295,MSFT
2022-06-27 16:59:00+00:00,265.28,265.56,265.25,265.56,2102,23,265.395899,MSFT
2022-06-27 16:58:00+00:00,265.425,265.425,265.37,265.37,418,4,265.392727,MSFT
2022-06-27 16:57:00+00:00,265.39,265.48,265.39,265.41,307,4,265.426667,MSFT
2022-06-27 16:56:00+00:00,265.57,265.57,265.46,265.49,988,10,265.513333,MSFT
2022-06-27 16:55:00+00:00,265.64,265.69,265.59,265.59,1012,16,265.658846,MSFT
2022-06-27 16:54:00+00:00,265.57,265.57,265.57,265.57,286,2,265.57,MSFT
2022-06-27 16:53:00+00:00,265.64,265.645,265.56,265.56,596,10,265.607,MSFT
2022-06-27 16:52:00+00:00,265.64,265.65,265.61,265.61,754,11,265.632857,MSFT
2022-06-27 16:51:00+00:00,265.58,265.58,265.47,265.47,222,6,265.525,MSFT
2022-06-27 16:50:00+00:00,265.43,265.57,265.35,265.55,1300,18,265.474,MSFT
2022-06-27 16:49:00+00:00,265.41,265.47,265.4,265.45,805,15,265.432816,MSFT
2022-06-27 16:48:00+00:00,265.37,265.43,265.35,265.38,1321,17,265.391667,MSFT
2022-06-27 16:47:00+00:00,265.44,265.44,265.38,265.41,621,11,265.418333,MSFT
2022-06-27 16:46:00+00:00,265.18,265.21,265.18,265.21,416,9,265.196667,MSFT
2022-06-27 16:45:00+00:00,265.365,265.42,265.19,265.19,1717,24,265.325357,MSFT
2022-06-27 16:44:00+00:00,265.16,265.29,265.16,265.29,659,14,265.222,MSFT
2022-06-27 16:43:00+00:00,265.04,265.14,265.04,265.14,1065,22,265.105,MSFT
2022-06-27 16:42:00+00:00,265.065,265.065,265.03,265.03,276,16,265.0475,MSFT
2022-06-27 16:41:00+00:00,265.08,265.09,265.08,265.08,478,16,265.083333,MSFT
2022-06-27 16:40:00+00:00,264.96,264.96,264.95,264.95,745,21,264.956221,MSFT
2022-06-27 16:39:00+00:00,265.0,265.02,264.96,264.98,682,16,264.992,MSFT
2022-06-27 16:38:00+00:00,264.96,264.99,264.93,264.99,572,27,264.96,MSFT
2022-06-27 16:37:00+00:00,264.83,264.86,264.75,264.86,1229,29,264.8285,MSFT
2022-06-27 16:36:00+00:00,264.84,264.88,264.84,264.845,1117,22,264.850051,MSFT
2022-06-27 16:35:00+00:00,264.83,264.93,264.67,264.93,2043,44,264.829375,MSFT
2022-06-27 16:34:00+00:00,264.75,264.87,264.71,264.865,2384,42,264.774762,MSFT
2022-06-27 16:33:00+00:00,264.8,264.885,264.73,264.8,4807,74,264.810156,MSFT
2022-06-27 16:32:00+00:00,264.845,264.845,264.76,264.81,4460,70,264.803874,MSFT
2022-06-27 16:31:00+00:00,264.81,264.81,264.7,264.73,1951,44,264.750667,MSFT
2022-06-27 16:30:00+00:00,264.74,264.84,264.74,264.81,2393,44,264.803131,MSFT
2022-06-27 16:29:00+00:00,264.8,264.81,264.755,264.77,2068,37,264.79,MSFT
2022-06-27 16:28:00+00:00,264.76,264.78,264.735,264.78,1000,27,264.756236,MSFT
2022-06-27 16:27:00+00:00,264.98,265.01,264.79,264.85,1372,24,264.855455,MSFT
2022-06-27 16:26:00+00:00,264.95,264.97,264.71,264.97,2624,28,264.8392,MSFT
2022-06-27 16:25:00+00:00,265.15,265.21,264.89,264.94,3101,49,265.032966,MSFT
2022-06-27 16:24:00+00:00,265.39,265.39,265.15,265.15,1302,33,265.21,MSFT
2022-06-27 16:23:00+00:00,265.52,265.55,265.35,265.36,1962,17,265.474581,MSFT
2022-06-27 16:22:00+00:00,265.69,265.77,265.61,265.61,1066,17,265.693333,MSFT
2022-06-27 16:21:00+00:00,265.71,265.71,265.71,265.71,144,2,265.71,MSFT
2022-06-27 16:20:00+00:00,265.78,265.78,265.78,265.78,390,8,265.78,MSFT
2022-06-27 16:19:00+00:00,265.73,265.74,265.73,265.74,325,4,265.736667,MSFT
2022-06-27 16:17:00+00:00,265.53,265.53,265.3,265.5,962,11,265.414444,MSFT
2022-06-27 16:16:00+00:00,265.55,265.59,265.54,265.55,688,8,265.555,MSFT
2022-06-27 16:15:00+00:00,265.4,265.46,265.4,265.46,387,8,265.443784,MSFT
2022-06-27 16:14:00+00:00,265.58,265.58,265.54,265.54,491,8,265.56,MSFT
2022-06-27 16:13:00+00:00,265.66,265.66,265.62,265.62,451,6,265.633333,MSFT
2022-06-27 16:12:00+00:00,265.46,265.55,265.46,265.55,700,5,265.515714,MSFT
2022-06-27 16:11:00+00:00,265.42,265.43,265.31,265.43,840,8,265.39375,MSFT
2022-06-27 16:10:00+00:00,265.39,265.41,265.39,265.41,414,7,265.395,MSFT
2022-06-27 16:09:00+00:00,265.47,265.47,265.4,265.45,676,13,265.448,MSFT
2022-06-27 16:08:00+00:00,265.52,265.52,265.49,265.49,317,7,265.505,MSFT
2022-06-27 16:07:00+00:00,265.55,265.55,265.41,265.41,682,8,265.464,MSFT
2022-06-27 16:06:00+00:00,265.35,265.45,265.31,265.45,1062,14,265.35875,MSFT
2022-06-27 16:05:00+00:00,265.63,265.63,265.39,265.39,558,11,265.55,MSFT
2022-06-27 16:04:00+00:00,265.75,265.75,265.44,265.44,949,14,265.58,MSFT
2022-06-27 16:03:00+00:00,265.65,265.86,265.65,265.8,802,10,265.795,MSFT
2022-06-27 16:02:00+00:00,265.74,265.75,265.51,265.53,9297,32,265.683546,MSFT
2022-06-27 16:01:00+00:00,265.87,265.94,265.83,265.91,1359,14,265.873333,MSFT
2022-06-27 16:00:00+00:00,266.12,266.12,265.96,265.96,953,10,266.06625,MSFT
2022-06-27 15:59:00+00:00,265.96,266.06,265.95,265.97,1269,14,265.979091,MSFT
2022-06-27 15:58:00+00:00,265.91,266.13,265.91,266.02,986,13,265.99,MSFT
2022-06-27 15:57:00+00:00,266.05,266.05,265.88,265.95,600,5,265.925,MSFT
2022-06-27 15:56:00+00:00,266.04,266.04,265.83,265.83,504,6,265.963,MSFT
2022-06-27 15:55:00+00:00,265.77,266.05,265.74,266.04,1356,15,265.872727,MSFT
2022-06-27 15:54:00+00:00,265.96,265.96,265.81,265.81,500,4,265.918,MSFT
2022-06-27 15:53:00+00:00,265.94,265.94,265.94,265.94,149,4,265.94,MSFT
2022-06-27 15:52:00+00:00,265.73,265.96,265.73,265.96,1392,20,265.8,MSFT
2022-06-27 15:51:00+00:00,265.94,265.94,265.74,265.84,1226,13,265.815,MSFT
2022-06-27 15:50:00+00:00,265.82,265.91,265.82,265.91,1126,27,265.8575,MSFT
2022-06-27 15:49:00+00:00,265.91,265.92,265.9,265.92,829,20,265.912,MSFT
2022-06-27 15:48:00+00:00,265.87,265.9,265.785,265.9,3030,27,265.859355,MSFT
2022-06-27 15:47:00+00:00,265.96,266.01,265.84,265.85,1424,13,265.936971,MSFT
2022-06-27 15:46:00+00:00,266.16,266.21,265.97,265.97,1427,21,266.11,MSFT
2022-06-27 15:45:00+00:00,265.89,266.17,265.855,266.17,2203,23,266.026736,MSFT
2022-06-27 15:44:00+00:00,265.92,265.92,265.835,265.835,242,5,265.8775,MSFT
2022-06-27 15:43:00+00:00,265.95,265.95,265.95,265.95,297,8,265.95,MSFT
2022-06-27 15:42:00+00:00,265.75,266.02,265.75,265.95,3406,18,265.952273,MSFT
2022-06-27 15:41:00+00:00,265.68,265.74,265.58,265.74,942,13,265.666875,MSFT
2022-06-27 15:40:00+00:00,265.7,265.7,265.7,265.7,286,9,265.7,MSFT
2022-06-27 15:39:00+00:00,265.66,265.66,265.52,265.56,630,8,265.595919,MSFT
2022-06-27 15:38:00+00:00,265.59,265.66,265.49,265.65,774,12,265.583333,MSFT
2022-06-27 15:37:00+00:00,265.41,265.48,265.31,265.32,1259,16,265.371818,MSFT
2022-06-27 15:36:00+00:00,265.65,265.65,265.54,265.54,527,7,265.628,MSFT
2022-06-27 15:35:00+00:00,265.63,265.67,265.63,265.67,1145,14,265.659912,MSFT
2022-06-27 15:34:00+00:00,265.72,265.72,265.69,265.69,628,10,265.697895,MSFT
2022-06-27 15:33:00+00:00,265.8,265.94,265.79,265.79,1161,11,265.876992,MSFT
2022-06-27 15:32:00+00:00,265.92,265.94,265.75,265.75,1085,8,265.8765,MSFT
2022-06-27 15:31:00+00:00,265.88,265.88,265.88,265.88,101,2,265.88,MSFT
2022-06-27 15:30:00+00:00,266.15,266.2,265.99,266.01,574,9,266.0875,MSFT
2022-06-27 15:29:00+00:00,266.19,266.22,266.1,266.1,1840,16,266.163125,MSFT
2022-06-27 15:28:00+00:00,266.14,266.26,266.1,266.235,1818,19,266.159444,MSFT
2022-06-27 15:27:00+00:00,266.06,266.17,266.06,266.09,1204,8,266.1225,MSFT
2022-06-27 15:26:00+00:00,266.04,266.04,266.01,266.02,3206,11,266.029037,MSFT
2022-06-27 15:25:00+00:00,266.06,266.1,266.0,266.03,1225,12,266.039311,MSFT
2022-06-27 15:24:00+00:00,265.82,266.01,265.82,265.96,1058,13,265.968,MSFT
2022-06-27 15:23:00+00:00,265.84,265.84,265.75,265.75,949,11,265.805,MSFT
2022-06-27 15:22:00+00:00,265.93,265.98,265.88,265.98,436,10,265.93,MSFT
2022-06-27 15:21:00+00:00,265.71,265.83,265.71,265.83,300,5,265.77,MSFT
2022-06-27 15:20:00+00:00,265.53,265.56,265.5,265.52,528,9,265.5275,MSFT
2022-06-27 15:19:00+00:00,265.54,265.54,265.54,265.54,106,3,265.54,MSFT
2022-06-27 15:18:00+00:00,265.48,265.48,265.41,265.41,373,7,265.445,MSFT
2022-06-27 15:17:00+00:00,265.74,265.74,265.55,265.58,730,8,265.625714,MSFT
2022-06-27 15:16:00+00:00,265.54,265.79,265.47,265.79,2273,17,265.619545,MSFT
2022-06-27 15:15:00+00:00,265.35,265.63,265.31,265.625,1239,21,265.474375,MSFT
2022-06-27 15:14:00+00:00,265.31,265.37,265.31,265.37,455,8,265.325,MSFT
2022-06-27 15:13:00+00:00,265.25,265.27,265.18,265.25,1125,14,265.245556,MSFT
2022-06-27 15:12:00+00:00,265.4,265.4,265.15,265.15,2623,22,265.217727,MSFT
2022-06-27 15:11:00+00:00,265.53,265.57,265.53,265.56,2158,15,265.5345,MSFT
2022-06-27 15:10:00+00:00,265.385,265.5,265.23,265.5,1843,18,265.324688,MSFT
2022-06-27 15:09:00+00:00,265.83,265.83,265.44,265.44,5703,20,265.73854,MSFT
2022-06-27 15:08:00+00:00,265.87,265.97,265.87,265.92,1903,20,265.943168,MSFT
2022-06-27 15:07:00+00:00,265.99,265.99,265.95,265.95,241,6,265.97,MSFT
2022-06-27 15:06:00+00:00,266.2,266.2,266.13,266.13,742,13,266.181,MSFT
2022-06-27 15:05:00+00:00,266.23,266.27,266.21,266.21,740,10,266.25,MSFT
2022-06-27 15:04:00+00:00,266.24,266.37,266.23,266.37,700,12,266.312,MSFT
2022-06-27 15:03:00+00:00,266.39,266.39,266.39,266.39,944,13,266.39,MSFT
2022-06-27 15:02:00+00:00,266.58,266.6,266.52,266.52,690,8,266.552,MSFT
2022-06-27 15:01:00+00:00,266.64,266.64,266.64,266.64,260,2,266.64,MSFT
2022-06-27 15:00:00+00:00,267.16,267.16,266.87,266.87,1277,15,267.061667,MSFT
2022-06-27 14:59:00+00:00,266.74,267.03,266.72,267.02,2992,32,266.904307,MSFT
2022-06-27 14:58:00+00:00,266.94,266.94,266.73,266.78,1099,15,266.842857,MSFT
2022-06-27 14:57:00+00:00,267.09,267.15,266.99,266.99,1638,20,267.066,MSFT
2022-06-27 14:56:00+00:00,266.81,266.99,266.81,266.98,1155,16,266.925909,MSFT
2022-06-27 14:55:00+00:00,266.8,266.97,266.795,266.905,1391,15,266.899771,MSFT
2022-06-27 14:54:00+00:00,266.66,266.86,266.66,266.81,1660,20,266.763333,MSFT
2022-06-27 14:53:00+00:00,266.74,266.74,266.57,266.57,3817,40,266.666029,MSFT
2022-06-27 14:52:00+00:00,266.76,266.77,266.68,266.71,1681,21,266.723571,MSFT
2022-06-27 14:51:00+00:00,266.685,266.765,266.53,266.765,1919,19,266.654737,MSFT
2022-06-27 14:50:00+00:00,266.34,266.77,266.34,266.77,1350,18,266.524091,MSFT
2022-06-27 14:49:00+00:00,266.21,266.35,266.16,266.35,2224,21,266.267143,MSFT
2022-06-27 14:48:00+00:00,266.13,266.285,266.13,266.26,787,12,266.225833,MSFT
2022-06-27 14:47:00+00:00,266.115,266.29,266.115,266.22,569,12,266.207,MSFT
2022-06-27 14:46:00+00:00,265.9,266.085,265.79,266.085,1022,10,265.963,MSFT
2022-06-27 14:45:00+00:00,266.185,266.185,265.94,265.94,1072,17,266.112143,MSFT
2022-06-27 14:44:00+00:00,265.94,266.26,265.94,266.24,865,12,266.145,MSFT
2022-06-27 14:43:00+00:00,265.98,265.98,265.91,265.91,852,9,265.947143,MSFT
2022-06-27 14:42:00+00:00,265.75,265.95,265.73,265.95,1590,18,265.835714,MSFT
2022-06-27 14:41:00+00:00,265.81,265.88,265.73,265.78,1272,18,265.803333,MSFT
2022-06-27 14:40:00+00:00,266.01,266.07,265.85,265.85,1529,21,265.959846,MSFT
2022-06-27 14:39:00+00:00,266.005,266.01,265.96,265.96,539,9,265.99,MSFT
2022-06-27 14:38:00+00:00,266.07,266.07,265.95,265.95,1232,14,266.024091,MSFT
2022-06-27 14:37:00+00:00,265.84,266.05,265.84,265.93,1144,13,265.975455,MSFT
2022-06-27 14:36:00+00:00,266.12,266.12,265.82,265.82,379,7,265.993333,MSFT
2022-06-27 14:35:00+00:00,266.19,266.35,266.1,266.1,1278,17,266.226,MSFT
2022-06-27 14:34:00+00:00,266.04,266.14,266.02,266.14,1904,15,266.057961,MSFT
2022-06-27 14:33:00+00:00,265.75,266.05,265.75,266.05,1008,12,265.855556,MSFT
2022-06-27 14:32:00+00:00,265.85,265.85,265.78,265.84,672,8,265.815,MSFT
2022-06-27 14:31:00+00:00,265.66,265.69,265.58,265.69,1356,22,265.633333,MSFT
2022-06-27 14:30:00+00:00,265.37,265.63,265.37,265.56,1468,19,265.548636,MSFT
2022-06-27 14:29:00+00:00,265.8,265.8,265.5,265.5,1539,21,265.646667,MSFT
2022-06-27 14:28:00+00:00,265.74,265.855,265.74,265.78,1201,18,265.793182,MSFT
2022-06-27 14:27:00+00:00,265.57,265.61,265.57,265.59,713,8,265.592857,MSFT
2022-06-27 14:26:00+00:00,265.47,265.7,265.47,265.53,1147,12,265.566,MSFT
2022-06-27 14:25:00+00:00,265.78,265.78,265.385,265.39,1751,21,265.577059,MSFT
2022-06-27 14:24:00+00:00,265.66,265.96,265.58,265.96,1258,13,265.695833,MSFT
2022-06-27 14:23:00+00:00,265.98,266.03,265.65,265.65,922,11,265.9025,MSFT
2022-06-27 14:22:00+00:00,265.99,265.99,265.84,265.88,1217,14,265.882727,MSFT
2022-06-27 14:21:00+00:00,265.82,266.165,265.82,266.085,3461,36,266.057953,MSFT
2022-06-27 14:20:00+00:00,265.83,265.96,265.83,265.86,2593,25,265.877806,MSFT
2022-06-27 14:19:00+00:00,265.46,265.77,265.46,265.74,2068,16,265.717222,MSFT
2022-06-27 14:18:00+00:00,265.44,265.44,265.26,265.36,1683,21,265.343918,MSFT
2022-06-27 14:17:00+00:00,265.91,265.94,265.51,265.51,2016,15,265.806222,MSFT
2022-06-27 14:16:00+00:00,265.65,265.86,265.65,265.86,1773,20,265.802362,MSFT
2022-06-27 14:15:00+00:00,265.68,265.75,265.54,265.56,1836,21,265.602461,MSFT
2022-06-27 14:14:00+00:00,265.54,265.58,265.54,265.54,537,11,265.553333,MSFT
2022-06-27 14:13:00+00:00,265.67,265.67,265.67,265.67,160,8,265.67,MSFT
2022-06-27 14:12:00+00:00,265.525,265.645,265.49,265.525,1192,26,265.555,MSFT
2022-06-27 14:11:00+00:00,265.45,265.54,265.39,265.445,1941,32,265.456538,MSFT
2022-06-27 14:10:00+00:00,266.17,266.25,265.56,265.61,2201,30,265.897895,MSFT
2022-06-27 14:09:00+00:00,266.15,266.15,266.15,266.15,484,14,266.15,MSFT
2022-06-27 14:08:00+00:00,266.32,266.32,266.02,266.12,1187,17,266.178889,MSFT
2022-06-27 14:07:00+00:00,266.61,266.61,266.255,266.33,5398,59,266.409667,MSFT
2022-06-27 14:06:00+00:00,266.51,266.59,266.455,266.555,6039,56,266.543015,MSFT
2022-06-27 14:05:00+00:00,266.52,266.61,266.51,266.61,812,15,266.54,MSFT
2022-06-27 14:04:00+00:00,266.585,266.75,266.54,266.73,1496,26,266.648342,MSFT
2022-06-27 14:03:00+00:00,266.17,266.46,266.1,266.46,1636,26,266.249,MSFT
2022-06-27 14:02:00+00:00,265.73,266.05,265.73,266.03,1668,38,265.89875,MSFT
2022-06-27 14:01:00+00:00,265.665,265.665,265.65,265.65,355,4,265.655,MSFT
2022-06-27 14:00:00+00:00,265.56,265.99,265.56,265.71,3765,51,265.790927,MSFT
2022-06-27 13:59:00+00:00,265.66,265.67,265.5,265.5,1279,19,265.591,MSFT
2022-06-27 13:58:00+00:00,265.61,265.74,265.61,265.66,848,18,265.688,MSFT
2022-06-27 13:57:00+00:00,266.13,266.15,265.81,265.82,2530,35,265.975879,MSFT
2022-06-27 13:56:00+00:00,265.7,266.14,265.69,266.14,524,12,265.8775,MSFT
2022-06-27 13:55:00+00:00,265.51,265.71,265.37,265.5,2753,28,265.528258,MSFT
2022-06-27 13:54:00+00:00,265.67,265.77,265.63,265.77,804,10,265.687143,MSFT
2022-06-27 13:53:00+00:00,265.33,265.51,265.33,265.41,805,14,265.412857,MSFT
2022-06-27 13:52:00+00:00,265.0,265.44,265.0,265.28,1225,22,265.208333,MSFT
2022-06-27 13:51:00+00:00,264.93,264.93,264.86,264.86,730,14,264.904,MSFT
2022-06-27 13:50:00+00:00,264.86,265.29,264.86,265.29,1757,20,264.987231,MSFT
2022-06-27 13:49:00+00:00,264.94,265.16,264.94,265.15,2097,25,265.01871,MSFT
2022-06-27 13:48:00+00:00,265.11,265.11,264.99,265.11,763,11,265.050714,MSFT
2022-06-27 13:47:00+00:00,264.94,265.07,264.94,264.96,906,15,265.002,MSFT
2022-06-27 13:46:00+00:00,264.99,265.17,264.95,264.95,752,19,265.065,MSFT
2022-06-27 13:45:00+00:00,264.98,265.11,264.98,265.06,1717,37,265.034545,MSFT
2022-06-27 13:44:00+00:00,265.175,265.27,265.03,265.14,2010,21,265.155135,MSFT
2022-06-27 13:43:00+00:00,265.38,265.38,265.13,265.155,1088,10,265.212343,MSFT
2022-06-27 13:42:00+00:00,265.49,265.66,265.32,265.59,2698,30,265.512391,MSFT
2022-06-27 13:41:00+00:00,266.46,266.49,265.78,265.89,2899,35,266.076884,MSFT
2022-06-27 13:40:00+00:00,266.03,266.14,265.98,266.14,1708,28,266.063778,MSFT
2022-06-27 13:39:00+00:00,265.9,266.33,265.9,266.21,2000,33,266.224249,MSFT
2022-06-27 13:38:00+00:00,265.84,265.92,265.62,265.84,2820,42,265.72,MSFT
2022-06-27 13:37:00+00:00,265.86,266.075,265.68,265.84,5364,98,265.835619,MSFT
2022-06-27 13:36:00+00:00,265.75,265.97,265.67,265.92,1992,39,265.845333,MSFT
2022-06-27 13:35:00+00:00,266.295,266.295,265.89,266.05,2437,28,266.099565,MSFT
2022-06-27 13:34:00+00:00,266.76,266.95,266.4,266.4,6491,94,266.744774,MSFT
2022-06-27 13:33:00+00:00,267.08,267.25,266.71,266.91,7182,58,267.096604,MSFT
2022-06-27 13:32:00+00:00,266.58,267.06,266.11,267.015,6147,70,266.538291,MSFT
2022-06-27 13:31:00+00:00,267.78,267.81,266.84,267.08,3854,46,267.317174,MSFT
2022-06-27 13:30:00+00:00,268.16,268.28,267.54,267.8,13402,204,267.940939,MSFT
2022-06-27 13:29:00+00:00,268.05,268.05,268.05,268.05,100,1,268.05,MSFT
2022-06-24 20:05:00+00:00,267.31,267.31,267.3,267.3,2650,45,267.30125,MSFT
2022-06-24 19:59:00+00:00,267.175,267.98,267.175,267.98,94015,500,267.648477,MSFT
2022-06-24 19:58:00+00:00,266.98,267.18,266.96,267.175,22724,201,267.045626,MSFT
2022-06-24 19:57:00+00:00,266.77,266.985,266.77,266.97,10593,132,266.88764,MSFT
2022-06-24 19:56:00+00:00,266.88,267.0,266.71,266.75,8004,98,266.920011,MSFT
2022-06-24 19:55:00+00:00,266.93,266.995,266.83,266.93,15459,146,266.929251,MSFT
2022-06-24 19:54:00+00:00,266.36,266.94,266.35,266.935,9348,97,266.603738,MSFT
2022-06-24 19:53:00+00:00,266.22,266.4,266.18,266.34,10257,98,266.280997,MSFT
2022-06-24 19:52:00+00:00,266.165,266.235,266.045,266.22,4582,70,266.157128,MSFT
2022-06-24 19:51:00+00:00,265.66,266.14,265.66,266.12,5824,77,266.050787,MSFT
2022-06-24 19:50:00+00:00,265.41,266.06,265.41,265.76,27965,212,265.870802,MSFT
2022-06-24 19:49:00+00:00,265.39,265.53,265.37,265.42,5059,61,265.451311,MSFT
2022-06-24 19:48:00+00:00,265.51,265.51,265.355,265.4,2374,35,265.424286,MSFT
2022-06-24 19:47:00+00:00,265.62,265.64,265.555,265.565,3616,50,265.595193,MSFT
2022-06-24 19:46:00+00:00,265.63,265.685,265.56,265.685,2007,39,265.598529,MSFT
2022-06-24 19:45:00+00:00,265.555,265.665,265.53,265.645,4199,75,265.58375,MSFT
2022-06-24 19:44:00+00:00,265.62,265.62,265.59,265.61,3283,41,265.610714,MSFT
2022-06-24 19:43:00+00:00,265.53,265.63,265.515,265.62,4826,54,265.581923,MSFT
2022-06-24 19:42:00+00:00,265.48,265.53,265.48,265.53,4277,54,265.506766,MSFT
2022-06-24 19:41:00+00:00,265.425,265.47,265.4,265.47,3019,34,265.421624,MSFT
2022-06-24 19:40:00+00:00,265.46,265.46,265.395,265.43,2865,41,265.425455,MSFT
2022-06-24 19:39:00+00:00,265.44,265.46,265.4,265.45,2630,34,265.42736,MSFT
2022-06-24 19:38:00+00:00,265.34,265.45,265.34,265.45,2806,41,265.395238,MSFT
2022-06-24 19:37:00+00:00,265.23,265.365,265.23,265.345,2054,28,265.321471,MSFT
2022-06-24 19:36:00+00:00,265.165,265.26,265.16,265.2,1836,23,265.21125,MSFT
2022-06-24 19:35:00+00:00,265.095,265.165,265.08,265.15,3843,46,265.11129,MSFT
2022-06-24 19:34:00+00:00,265.145,265.25,265.145,265.18,2002,34,265.172647,MSFT
2022-06-24 19:33:00+00:00,265.31,265.31,265.11,265.11,2339,28,265.161291,MSFT
2022-06-24 19:32:00+00:00,265.42,265.42,265.29,265.29,2030,37,265.345333,MSFT
2022-06-24 19:31:00+00:00,265.355,265.355,265.255,265.27,1270,23,265.306282,MSFT
2022-06-24 19:30:00+00:00,265.375,265.415,265.36,265.375,2436,33,265.378063,MSFT
2022-06-24 19:29:00+00:00,265.32,265.32,265.25,265.26,2409,28,265.270714,MSFT
2022-06-24 19:28:00+00:00,265.25,265.3,265.25,265.25,1963,28,265.263824,MSFT
2022-06-24 19:27:00+00:00,265.09,265.2,265.09,265.2,1697,24,265.142857,MSFT
2022-06-24 19:26:00+00:00,265.09,265.09,265.04,265.06,2402,31,265.063409,MSFT
2022-06-24 19:25:00+00:00,265.17,265.17,265.135,265.14,3288,35,265.150484,MSFT
2022-06-24 19:24:00+00:00,265.23,265.23,265.135,265.145,2221,23,265.171268,MSFT
2022-06-24 19:23:00+00:00,265.17,265.21,265.12,265.21,3388,36,265.170289,MSFT
2022-06-24 19:22:00+00:00,265.275,265.275,265.18,265.2,2564,35,265.211399,MSFT
2022-06-24 19:21:00+00:00,265.07,265.26,265.07,265.26,2472,31,265.167391,MSFT
2022-06-24 19:20:00+00:00,264.995,265.06,264.995,265.06,911,12,265.012857,MSFT
2022-06-24 19:19:00+00:00,265.05,265.05,264.96,264.99,2512,26,264.987359,MSFT
2022-06-24 19:18:00+00:00,264.96,265.06,264.95,265.045,1838,25,265.023486,MSFT
2022-06-24 19:17:00+00:00,265.05,265.055,264.975,264.975,1329,14,265.035598,MSFT
2022-06-24 19:16:00+00:00,264.98,265.06,264.98,265.05,1009,15,265.029444,MSFT
2022-06-24 19:15:00+00:00,264.91,264.95,264.89,264.94,1430,16,264.917715,MSFT
2022-06-24 19:14:00+00:00,264.72,264.92,264.72,264.92,3948,26,264.854094,MSFT
2022-06-24 19:13:00+00:00,264.78,264.78,264.685,264.74,1255,16,264.71125,MSFT
2022-06-24 19:12:00+00:00,264.76,264.81,264.74,264.75,1828,25,264.756192,MSFT
2022-06-24 19:11:00+00:00,264.87,264.87,264.75,264.75,1410,17,264.815769,MSFT
2022-06-24 19:10:00+00:00,264.86,264.91,264.805,264.89,2236,28,264.865789,MSFT
2022-06-24 19:09:00+00:00,264.96,264.96,264.87,264.88,2059,36,264.921583,MSFT
2022-06-24 19:08:00+00:00,264.93,264.95,264.91,264.93,1093,24,264.929847,MSFT
2022-06-24 19:07:00+00:00,264.86,264.895,264.85,264.895,2497,44,264.875396,MSFT
2022-06-24 19:06:00+00:00,264.78,264.89,264.78,264.845,2670,43,264.857373,MSFT
2022-06-24 19:05:00+00:00,264.86,264.86,264.76,264.78,871,10,264.807368,MSFT
2022-06-24 19:04:00+00:00,264.775,264.88,264.775,264.87,430,11,264.83375,MSFT
2022-06-24 19:03:00+00:00,264.8,264.81,264.78,264.8,1080,13,264.8,MSFT
2022-06-24 19:02:00+00:00,264.87,264.98,264.87,264.88,2422,31,264.93937,MSFT
2022-06-24 19:01:00+00:00,265.05,265.06,264.89,264.93,2544,35,264.972055,MSFT
2022-06-24 19:00:00+00:00,265.055,265.08,265.035,265.06,1117,20,265.061227,MSFT
2022-06-24 18:59:00+00:00,265.045,265.06,265.045,265.06,934,23,265.0525,MSFT
2022-06-24 18:58:00+00:00,265.06,265.16,265.055,265.06,2492,27,265.087619,MSFT
2022-06-24 18:57:00+00:00,264.99,265.06,264.99,265.06,1014,21,265.01799,MSFT
2022-06-24 18:56:00+00:00,264.9,264.97,264.9,264.97,1097,24,264.937102,MSFT
2022-06-24 18:55:00+00:00,264.94,264.97,264.9,264.91,1688,24,264.945312,MSFT
2022-06-24 18:54:00+00:00,264.89,264.97,264.88,264.95,1895,28,264.916441,MSFT
2022-06-24 18:53:00+00:00,264.95,264.97,264.94,264.94,728,14,264.955,MSFT
2022-06-24 18:52:00+00:00,264.87,264.94,264.84,264.94,1464,24,264.903333,MSFT
2022-06-24 18:51:00+00:00,264.96,264.96,264.87,264.885,721,11,264.915,MSFT
2022-06-24 18:50:00+00:00,264.97,264.97,264.96,264.96,877,19,264.964,MSFT
2022-06-24 18:49:00+00:00,264.94,264.99,264.94,264.99,486,17,264.96,MSFT
2022-06-24 18:48:00+00:00,264.91,264.91,264.89,264.9,614,11,264.89885,MSFT
2022-06-24 18:47:00+00:00,264.76,264.76,264.76,264.76,222,6,264.76,MSFT
2022-06-24 18:46:00+00:00,264.8,264.8,264.765,264.77,646,10,264.78125,MSFT
2022-06-24 18:45:00+00:00,264.7,264.84,264.7,264.81,2605,33,264.769715,MSFT
2022-06-24 18:44:00+00:00,264.73,264.74,264.71,264.71,581,9,264.728,MSFT
2022-06-24 18:43:00+00:00,264.7,264.72,264.7,264.72,437,15,264.71125,MSFT
2022-06-24 18:42:00+00:00,264.685,264.685,264.64,264.64,571,11,264.651,MSFT
2022-06-24 18:41:00+00:00,264.63,264.71,264.63,264.71,801,14,264.675714,MSFT
2022-06-24 18:40:00+00:00,264.6,264.61,264.59,264.59,509,7,264.5975,MSFT
2022-06-24 18:39:00+00:00,264.66,264.74,264.66,264.71,1031,18,264.694,MSFT
2022-06-24 18:38:00+00:00,264.7,264.705,264.7,264.705,230,9,264.7025,MSFT
2022-06-24 18:37:00+00:00,264.74,264.75,264.72,264.735,887,13,264.735,MSFT
2022-06-24 18:36:00+00:00,264.77,264.77,264.74,264.76,1045,14,264.749,MSFT
2022-06-24 18:35:00+00:00,264.785,264.8,264.765,264.8,1554,18,264.784635,MSFT
2022-06-24 18:34:00+00:00,264.72,264.78,264.72,264.76,2167,24,264.757895,MSFT
2022-06-24 18:33:00+00:00,264.72,264.72,264.7,264.7,827,10,264.717143,MSFT
2022-06-24 18:32:00+00:00,264.69,264.74,264.69,264.73,737,14,264.719286,MSFT
2022-06-24 18:31:00+00:00,264.6,264.71,264.6,264.66,1023,28,264.662698,MSFT
2022-06-24 18:30:00+00:00,264.48,264.6,264.48,264.57,1120,13,264.535909,MSFT
2022-06-24 18:29:00+00:00,264.52,264.54,264.45,264.45,1209,24,264.491111,MSFT
2022-06-24 18:28:00+00:00,264.49,264.51,264.47,264.47,1420,17,264.485769,MSFT
2022-06-24 18:27:00+00:00,264.38,264.39,264.32,264.39,1516,16,264.343846,MSFT
2022-06-24 18:26:00+00:00,264.41,264.41,264.37,264.41,770,11,264.398571,MSFT
2022-06-24 18:25:00+00:00,264.35,264.36,264.33,264.36,862,8,264.336748,MSFT
2022-06-24 18:24:00+00:00,264.36,264.37,264.28,264.3,1465,20,264.332692,MSFT
2022-06-24 18:23:00+00:00,264.29,264.36,264.28,264.35,832,16,264.307143,MSFT
2022-06-24 18:22:00+00:00,264.37,264.37,264.28,264.29,1168,14,264.33,MSFT
2022-06-24 18:21:00+00:00,264.28,264.34,264.28,264.34,518,10,264.32,MSFT
2022-06-24 18:20:00+00:00,264.29,264.3,264.29,264.29,465,10,264.293333,MSFT
2022-06-24 18:19:00+00:00,264.29,264.37,264.29,264.36,1791,24,264.31125,MSFT
2022-06-24 18:18:00+00:00,264.19,264.27,264.19,264.27,970,21,264.241429,MSFT
2022-06-24 18:17:00+00:00,264.17,264.225,264.17,264.225,852,15,264.187857,MSFT
2022-06-24 18:16:00+00:00,264.24,264.24,264.235,264.235,229,9,264.2375,MSFT
2022-06-24 18:15:00+00:00,264.13,264.31,264.13,264.27,1318,32,264.238333,MSFT
2022-06-24 18:14:00+00:00,264.12,264.12,264.08,264.105,755,10,264.094167,MSFT
2022-06-24 18:13:00+00:00,264.1,264.1,264.09,264.09,306,5,264.093333,MSFT
2022-06-24 18:12:00+00:00,264.1,264.17,264.06,264.17,1807,20,264.112353,MSFT
2022-06-24 18:11:00+00:00,263.96,264.22,263.96,264.22,2234,26,264.135185,MSFT
2022-06-24 18:10:00+00:00,263.84,263.9,263.84,263.9,1122,19,263.884545,MSFT
2022-06-24 18:09:00+00:00,263.75,263.75,263.75,263.75,318,10,263.75,MSFT
2022-06-24 18:07:00+00:00,263.75,263.81,263.71,263.81,846,14,263.743333,MSFT
2022-06-24 18:06:00+00:00,263.85,263.86,263.84,263.86,351,5,263.85,MSFT
2022-06-24 18:05:00+00:00,263.85,263.87,263.82,263.87,1021,15,263.83334,MSFT
2022-06-24 18:04:00+00:00,263.98,263.98,263.83,263.83,1014,11,263.893001,MSFT
2022-06-24 18:03:00+00:00,263.93,263.98,263.93,263.98,1235,17,263.973355,MSFT
2022-06-24 18:02:00+00:00,263.96,263.96,263.96,263.96,303,3,263.96,MSFT
2022-06-24 18:01:00+00:00,263.93,264.06,263.93,264.01,1986,17,263.974386,MSFT
2022-06-24 18:00:00+00:00,263.95,263.95,263.95,263.95,438,10,263.95,MSFT
2022-06-24 17:59:00+00:00,263.89,263.89,263.75,263.83,1306,19,263.797273,MSFT
2022-06-24 17:58:00+00:00,263.91,263.91,263.83,263.89,499,9,263.88125,MSFT
2022-06-24 17:57:00+00:00,263.99,263.99,263.98,263.98,388,8,263.986231,MSFT
2022-06-24 17:56:00+00:00,263.81,264.0,263.795,263.97,1422,26,263.93375,MSFT
2022-06-24 17:55:00+00:00,263.68,263.78,263.68,263.78,712,13,263.7275,MSFT
2022-06-24 17:54:00+00:00,263.94,263.95,263.68,263.68,3078,45,263.841769,MSFT
2022-06-24 17:53:00+00:00,264.05,264.06,264.04,264.04,426,6,264.05,MSFT
2022-06-24 17:52:00+00:00,264.01,264.05,264.01,264.05,752,13,264.036,MSFT
2022-06-24 17:51:00+00:00,263.95,263.99,263.95,263.99,1724,11,263.964879,MSFT
2022-06-24 17:50:00+00:00,263.88,263.95,263.84,263.93,898,17,263.892553,MSFT
2022-06-24 17:49:00+00:00,263.88,263.89,263.88,263.89,714,11,263.886,MSFT
2022-06-24 17:48:00+00:00,263.91,263.91,263.8,263.8,1011,15,263.878025,MSFT
2022-06-24 17:47:00+00:00,263.94,263.94,263.9,263.93,915,11,263.912212,MSFT
2022-06-24 17:46:00+00:00,263.95,263.96,263.86,263.91,510,7,263.928,MSFT
2022-06-24 17:45:00+00:00,264.0,264.0,263.97,263.995,865,13,263.979286,MSFT
2022-06-24 17:44:00+00:00,264.08,264.1,264.05,264.05,1341,17,264.076661,MSFT
2022-06-24 17:43:00+00:00,264.0,264.08,264.0,264.06,1114,15,264.048407,MSFT
2022-06-24 17:42:00+00:00,263.96,264.02,263.96,264.02,1309,18,263.995964,MSFT
2022-06-24 17:41:00+00:00,264.0,264.0,263.94,263.94,496,6,263.975983,MSFT
2022-06-24 17:40:00+00:00,263.92,263.92,263.87,263.91,814,10,263.902478,MSFT
2022-06-24 17:39:00+00:00,263.86,263.94,263.85,263.85,1201,17,263.901,MSFT
2022-06-24 17:38:00+00:00,263.79,263.82,263.76,263.78,1836,22,263.790714,MSFT
2022-06-24 17:37:00+00:00,263.79,263.79,263.75,263.775,1142,19,263.770833,MSFT
2022-06-24 17:36:00+00:00,263.83,263.86,263.81,263.83,1267,20,263.841111,MSFT
2022-06-24 17:35:00+00:00,263.96,263.96,263.86,263.87,1144,20,263.886471,MSFT
2022-06-24 17:34:00+00:00,263.915,264.05,263.915,264.05,808,11,263.9625,MSFT
2022-06-24 17:33:00+00:00,263.94,263.94,263.94,263.94,359,6,263.94,MSFT
2022-06-24 17:32:00+00:00,264.09,264.09,263.93,263.93,1104,15,263.982,MSFT
2022-06-24 17:31:00+00:00,264.15,264.15,264.09,264.09,1259,11,264.108744,MSFT
2022-06-24 17:30:00+00:00,264.02,264.19,264.0,264.19,1579,19,264.065,MSFT
2022-06-24 17:29:00+00:00,264.13,264.17,264.07,264.07,1810,15,264.155232,MSFT
2022-06-24 17:28:00+00:00,264.165,264.2,264.165,264.18,868,8,264.181429,MSFT
2022-06-24 17:27:00+00:00,263.94,264.185,263.94,264.155,596,13,264.05,MSFT
2022-06-24 17:25:00+00:00,264.015,264.015,264.015,264.015,160,6,264.015,MSFT
2022-06-24 17:24:00+00:00,263.92,263.92,263.92,263.92,123,9,263.92,MSFT
2022-06-24 17:23:00+00:00,263.93,263.93,263.93,263.93,228,18,263.93,MSFT
2022-06-24 17:22:00+00:00,264.03,264.04,263.98,263.98,430,8,264.016667,MSFT
2022-06-24 17:21:00+00:00,264.03,264.07,264.03,264.03,1151,15,264.053,MSFT
2022-06-24 17:20:00+00:00,264.115,264.115,263.99,264.02,1520,25,264.044615,MSFT
2022-06-24 17:19:00+00:00,264.21,264.21,264.12,264.13,2114,23,264.156467,MSFT
2022-06-24 17:18:00+00:00,264.24,264.24,264.195,264.195,467,8,264.22375,MSFT
2022-06-24 17:17:00+00:00,264.255,264.28,264.24,264.27,1641,28,264.264965,MSFT
2022-06-24 17:16:00+00:00,264.38,264.385,264.28,264.29,1358,14,264.353008,MSFT
2022-06-24 17:15:00+00:00,264.31,264.335,264.3,264.335,1166,15,264.31,MSFT
2022-06-24 17:14:00+00:00,264.39,264.43,264.39,264.41,1026,16,264.41,MSFT
2022-06-24 17:13:00+00:00,264.35,264.37,264.33,264.36,3581,26,264.341272,MSFT
2022-06-24 17:12:00+00:00,264.39,264.4,264.36,264.36,494,11,264.383333,MSFT
2022-06-24 17:11:00+00:00,264.37,264.42,264.37,264.42,625,13,264.395758,MSFT
2022-06-24 17:10:00+00:00,264.22,264.36,264.22,264.36,712,9,264.285714,MSFT
2022-06-24 17:09:00+00:00,264.25,264.26,264.24,264.26,557,10,264.2525,MSFT
2022-06-24 17:08:00+00:00,264.28,264.28,264.22,264.22,682,13,264.256667,MSFT
2022-06-24 17:07:00+00:00,264.22,264.36,264.22,264.32,2543,37,264.269426,MSFT
2022-06-24 17:06:00+00:00,264.165,264.165,264.11,264.11,211,4,264.1375,MSFT
2022-06-24 17:05:00+00:00,264.29,264.29,264.11,264.11,705,11,264.198333,MSFT
2022-06-24 17:04:00+00:00,264.36,264.36,264.26,264.26,711,9,264.293333,MSFT
2022-06-24 17:03:00+00:00,264.33,264.405,264.33,264.37,1418,12,264.374583,MSFT
2022-06-24 17:02:00+00:00,264.17,264.35,264.17,264.325,2233,23,264.296,MSFT
2022-06-24 17:00:00+00:00,264.23,264.24,264.15,264.24,825,12,264.202857,MSFT
2022-06-24 16:59:00+00:00,264.19,264.27,264.19,264.23,855,12,264.228977,MSFT
2022-06-24 16:58:00+00:00,264.05,264.215,264.05,264.16,1645,24,264.13347,MSFT
2022-06-24 16:57:00+00:00,264.07,264.12,264.05,264.06,875,18,264.085833,MSFT
2022-06-24 16:56:00+00:00,263.94,264.055,263.94,264.05,1227,15,264.0045,MSFT
2022-06-24 16:55:00+00:00,263.865,263.93,263.865,263.93,829,10,263.882066,MSFT
2022-06-24 16:54:00+00:00,263.84,263.88,263.84,263.88,375,10,263.853333,MSFT
2022-06-24 16:53:00+00:00,263.76,263.86,263.76,263.86,855,14,263.787105,MSFT
2022-06-24 16:52:00+00:00,263.83,263.83,263.79,263.79,1030,11,263.82125,MSFT
2022-06-24 16:51:00+00:00,263.75,263.84,263.75,263.84,1299,17,263.815909,MSFT
2022-06-24 16:50:00+00:00,263.67,263.75,263.64,263.72,808,12,263.698571,MSFT
2022-06-24 16:49:00+00:00,263.6,263.67,263.6,263.67,343,9,263.638333,MSFT
2022-06-24 16:48:00+00:00,263.48,263.585,263.42,263.585,633,11,263.464167,MSFT
2022-06-24 16:47:00+00:00,263.49,263.5,263.47,263.5,572,9,263.481238,MSFT
2022-06-24 16:46:00+00:00,263.51,263.53,263.48,263.53,1650,18,263.505,MSFT
2022-06-24 16:45:00+00:00,263.77,263.77,263.51,263.51,1356,22,263.6465,MSFT
2022-06-24 16:44:00+00:00,263.6,263.79,263.6,263.79,1417,22,263.6575,MSFT
2022-06-24 16:43:00+00:00,263.46,263.6,263.46,263.56,4207,43,263.545201,MSFT
2022-06-24 16:42:00+00:00,263.57,263.57,263.44,263.44,3360,38,263.543879,MSFT
2022-06-24 16:41:00+00:00,263.5,263.58,263.46,263.58,1335,25,263.49756,MSFT
2022-06-24 16:40:00+00:00,263.5,263.5,263.475,263.5,941,18,263.4925,MSFT
2022-06-24 16:39:00+00:00,263.55,263.55,263.47,263.48,888,16,263.507143,MSFT
2022-06-24 16:38:00+00:00,263.55,263.57,263.51,263.52,1208,18,263.536,MSFT
2022-06-24 16:37:00+00:00,263.715,263.715,263.595,263.595,1059,16,263.641111,MSFT
2022-06-24 16:36:00+00:00,263.74,263.76,263.7,263.7,535,13,263.725,MSFT
2022-06-24 16:35:00+00:00,263.67,263.72,263.605,263.72,1360,21,263.662325,MSFT
2022-06-24 16:34:00+00:00,263.68,263.74,263.62,263.645,1427,21,263.684708,MSFT
2022-06-24 16:33:00+00:00,263.87,263.87,263.71,263.71,415,8,263.7875,MSFT
2022-06-24 16:32:00+00:00,263.84,263.895,263.79,263.825,1277,24,263.831667,MSFT
2022-06-24 16:31:00+00:00,264.025,264.025,263.84,263.86,1018,16,263.895,MSFT
2022-06-24 16:30:00+00:00,264.06,264.135,264.05,264.125,852,12,264.08375,MSFT
2022-06-24 16:29:00+00:00,264.12,264.165,264.025,264.07,1629,18,264.099063,MSFT
2022-06-24 16:28:00+00:00,264.31,264.31,264.1,264.1,1073,16,264.238889,MSFT
2022-06-24 16:27:00+00:00,264.445,264.445,264.27,264.305,1905,22,264.33146,MSFT
2022-06-24 16:26:00+00:00,264.32,264.38,264.31,264.38,1156,17,264.345403,MSFT
2022-06-24 16:25:00+00:00,264.405,264.405,264.2,264.28,1214,23,264.267222,MSFT
2022-06-24 16:24:00+00:00,264.325,264.36,264.32,264.36,426,6,264.335,MSFT
2022-06-24 16:23:00+00:00,264.21,264.26,264.195,264.26,1672,15,264.245084,MSFT
2022-06-24 16:22:00+00:00,264.125,264.18,264.125,264.14,749,9,264.154167,MSFT
2022-06-24 16:21:00+00:00,264.07,264.18,263.98,263.99,4607,40,264.076272,MSFT
2022-06-24 16:20:00+00:00,264.3,264.355,264.28,264.355,703,8,264.309789,MSFT
2022-06-24 16:19:00+00:00,264.22,264.4,264.22,264.4,525,8,264.303549,MSFT
2022-06-24 16:18:00+00:00,264.225,264.37,264.21,264.27,1268,16,264.266564,MSFT
2022-06-24 16:17:00+00:00,264.33,264.37,264.29,264.29,872,11,264.32,MSFT
2022-06-24 16:16:00+00:00,264.33,264.33,264.31,264.33,922,18,264.320239,MSFT
2022-06-24 16:15:00+00:00,264.34,264.345,264.23,264.27,1931,24,264.297,MSFT
2022-06-24 16:14:00+00:00,264.28,264.35,264.28,264.35,967,13,264.32375,MSFT
2022-06-24 16:13:00+00:00,264.3,264.3,264.25,264.28,667,10,264.273333,MSFT
2022-06-24 16:12:00+00:00,264.38,264.4,264.35,264.35,931,16,264.370625,MSFT
2022-06-24 16:11:00+00:00,264.41,264.41,264.38,264.38,440,10,264.3975,MSFT
2022-06-24 16:10:00+00:00,264.47,264.57,264.47,264.52,764,14,264.527857,MSFT
2022-06-24 16:09:00+00:00,264.59,264.59,264.47,264.47,1271,28,264.528913,MSFT
2022-06-24 16:08:00+00:00,264.45,264.58,264.45,264.58,1022,14,264.52568,MSFT
2022-06-24 16:07:00+00:00,264.46,264.55,264.41,264.43,2353,23,264.500943,MSFT
2022-06-24 16:06:00+00:00,264.4,264.48,264.4,264.48,2874,15,264.431264,MSFT
2022-06-24 16:05:00+00:00,264.5,264.5,264.37,264.38,3137,35,264.411899,MSFT
2022-06-24 16:04:00+00:00,264.55,264.55,264.5,264.55,455,8,264.5275,MSFT
2022-06-24 16:03:00+00:00,264.53,264.565,264.48,264.56,736,11,264.523,MSFT
2022-06-24 16:02:00+00:00,264.45,264.69,264.45,264.65,1660,28,264.595027,MSFT
2022-06-24 16:01:00+00:00,264.41,264.41,264.4,264.41,886,12,264.408185,MSFT
2022-06-24 16:00:00+00:00,264.31,264.44,264.29,264.435,920,18,264.379286,MSFT
2022-06-24 15:59:00+00:00,264.07,264.33,264.07,264.33,2502,36,264.21927,MSFT
2022-06-24 15:58:00+00:00,263.94,264.06,263.94,264.06,1081,26,263.998095,MSFT
2022-06-24 15:57:00+00:00,263.97,264.085,263.97,263.97,3246,51,264.044009,MSFT
2022-06-24 15:56:00+00:00,263.92,263.975,263.92,263.975,369,7,263.9475,MSFT
2022-06-24 15:55:00+00:00,263.87,263.87,263.69,263.76,1079,15,263.783333,MSFT
2022-06-24 15:54:00+00:00,263.97,263.97,263.77,263.85,3143,33,263.871093,MSFT
2022-06-24 15:53:00+00:00,263.81,263.94,263.76,263.92,1928,33,263.848571,MSFT
2022-06-24 15:52:00+00:00,263.76,263.78,263.61,263.77,1701,18,263.721667,MSFT
2022-06-24 15:51:00+00:00,263.61,263.7,263.58,263.69,1134,17,263.65125,MSFT
2022-06-24 15:50:00+00:00,263.68,263.68,263.5,263.64,1286,22,263.606111,MSFT
2022-06-24 15:49:00+00:00,263.75,263.75,263.69,263.69,1430,22,263.716667,MSFT
2022-06-24 15:48:00+00:00,263.57,263.72,263.57,263.68,2414,23,263.680664,MSFT
2022-06-24 15:47:00+00:00,263.7,263.74,263.64,263.64,1349,22,263.695417,MSFT
2022-06-24 15:46:00+00:00,263.62,263.75,263.62,263.7,1035,11,263.697,MSFT
2022-06-24 15:45:00+00:00,263.8,263.8,263.51,263.66,1584,22,263.629286,MSFT
2022-06-24 15:44:00+00:00,263.885,263.935,263.795,263.89,10205,77,263.894347,MSFT
2022-06-24 15:43:00+00:00,263.82,263.905,263.82,263.855,11574,70,263.869017,MSFT
2022-06-24 15:42:00+00:00,263.69,263.83,263.69,263.785,1723,29,263.759583,MSFT
2022-06-24 15:41:00+00:00,263.66,263.72,263.64,263.7,11646,39,263.692261,MSFT
2022-06-24 15:40:00+00:00,263.945,263.945,263.74,263.74,10249,60,263.853743,MSFT
2022-06-24 15:39:00+00:00,263.92,263.93,263.83,263.925,5434,29,263.898522,MSFT
2022-06-24 15:38:00+00:00,264.05,264.11,263.91,263.925,3778,43,263.994677,MSFT
2022-06-24 15:37:00+00:00,264.04,264.11,263.97,263.97,2107,30,264.026216,MSFT
2022-06-24 15:36:00+00:00,264.07,264.21,264.06,264.19,1435,26,264.145,MSFT
2022-06-24 15:35:00+00:00,263.72,263.94,263.7,263.84,2776,32,263.824038,MSFT
2022-06-24 15:34:00+00:00,264.05,264.05,263.66,263.73,3952,41,263.870506,MSFT
2022-06-24 15:33:00+00:00,264.13,264.13,263.97,264.04,870,11,264.049925,MSFT
2022-06-24 15:32:00+00:00,264.12,264.13,264.05,264.11,1710,27,264.10343,MSFT
2022-06-24 15:31:00+00:00,264.18,264.2,264.01,264.13,1413,15,264.154643,MSFT
2022-06-24 15:30:00+00:00,264.15,264.15,263.97,264.1,2135,22,264.075,MSFT
2022-06-24 15:29:00+00:00,264.14,264.3,264.14,264.24,2188,25,264.257,MSFT
2022-06-24 15:28:00+00:00,263.89,264.13,263.89,264.115,601,8,264.017,MSFT
2022-06-24 15:27:00+00:00,263.91,263.98,263.85,263.92,1823,16,263.906,MSFT
2022-06-24 15:26:00+00:00,264.095,264.22,264.06,264.22,2170,24,264.132382,MSFT
2022-06-24 15:25:00+00:00,263.92,264.09,263.89,264.09,1049,23,263.97354,MSFT
2022-06-24 15:24:00+00:00,264.07,264.11,263.97,263.99,1034,14,264.035625,MSFT
2022-06-24 15:23:00+00:00,263.91,264.11,263.83,264.105,2057,26,263.975556,MSFT
2022-06-24 15:22:00+00:00,263.99,263.99,263.875,263.92,1037,13,263.9265,MSFT
2022-06-24 15:21:00+00:00,263.83,263.95,263.83,263.91,1352,18,263.908308,MSFT
2022-06-24 15:20:00+00:00,263.73,263.915,263.7,263.9,2614,27,263.823498,MSFT
2022-06-24 15:19:00+00:00,264.14,264.14,263.81,263.81,2827,35,263.910507,MSFT
2022-06-24 15:18:00+00:00,263.845,264.15,263.845,264.13,2606,34,264.037254,MSFT
2022-06-24 15:17:00+00:00,263.92,263.94,263.77,263.85,1359,18,263.837692,MSFT
2022-06-24 15:16:00+00:00,264.22,264.33,264.205,264.22,1656,21,264.249655,MSFT
2022-06-24 15:15:00+00:00,264.57,264.57,264.41,264.46,3506,39,264.470862,MSFT
2022-06-24 15:14:00+00:00,264.77,264.83,264.65,264.69,1599,26,264.750769,MSFT
2022-06-24 15:13:00+00:00,264.89,264.89,264.775,264.775,3188,36,264.801786,MSFT
2022-06-24 15:12:00+00:00,265.05,265.05,264.86,264.9,2271,24,264.964857,MSFT
2022-06-24 15:11:00+00:00,264.9,264.955,264.8,264.955,648,16,264.867,MSFT
2022-06-24 15:10:00+00:00,265.15,265.16,264.88,264.88,3106,31,265.039462,MSFT
2022-06-24 15:09:00+00:00,265.41,265.41,265.12,265.14,1813,39,265.243171,MSFT
2022-06-24 15:08:00+00:00,265.6,265.6,265.36,265.49,1691,30,265.442306,MSFT
2022-06-24 15:07:00+00:00,265.52,265.55,265.45,265.55,1990,39,265.519296,MSFT
2022-06-24 15:06:00+00:00,265.47,265.54,265.45,265.47,4355,50,265.48,MSFT
2022-06-24 15:05:00+00:00,265.58,265.59,265.41,265.42,3306,46,265.521658,MSFT
2022-06-24 15:04:00+00:00,265.38,265.645,265.32,265.62,4305,43,265.50458,MSFT
2022-06-24 15:03:00+00:00,265.155,265.37,265.155,265.37,6025,56,265.295699,MSFT
2022-06-24 15:02:00+00:00,265.0,265.215,265.0,265.17,2819,33,265.137162,MSFT
2022-06-24 15:01:00+00:00,264.8,265.05,264.8,265.02,4094,52,264.962831,MSFT
2022-06-24 15:00:00+00:00,264.89,265.01,264.76,264.845,4027,39,264.863179,MSFT
2022-06-24 14:59:00+00:00,264.865,264.97,264.81,264.86,3444,35,264.890384,MSFT
2022-06-24 14:58:00+00:00,265.0,265.07,264.95,264.97,4919,50,265.014886,MSFT
2022-06-24 14:57:00+00:00,264.93,265.07,264.8,265.02,6713,54,264.944165,MSFT
2022-06-24 14:56:00+00:00,264.42,264.95,264.36,264.92,4267,46,264.631707,MSFT
2022-06-24 14:55:00+00:00,264.39,264.4,264.32,264.39,3419,34,264.380618,MSFT
2022-06-24 14:54:00+00:00,264.28,264.43,264.23,264.4,2096,24,264.335833,MSFT
2022-06-24 14:53:00+00:00,264.4,264.44,264.31,264.31,1092,15,264.347778,MSFT
2022-06-24 14:52:00+00:00,264.37,264.5,264.37,264.48,1021,13,264.478889,MSFT
2022-06-24 14:51:00+00:00,264.34,264.47,264.29,264.43,960,13,264.34625,MSFT
2022-06-24 14:50:00+00:00,264.58,264.6,264.37,264.515,1482,28,264.475,MSFT
2022-06-24 14:49:00+00:00,264.585,264.83,264.55,264.55,2506,33,264.685683,MSFT
2022-06-24 14:48:00+00:00,264.49,264.655,264.49,264.59,2955,37,264.580274,MSFT
2022-06-24 14:47:00+00:00,264.66,264.75,264.535,264.535,5269,59,264.656594,MSFT
2022-06-24 14:46:00+00:00,264.19,264.62,264.18,264.62,3546,46,264.3841,MSFT
2022-06-24 14:45:00+00:00,264.21,264.21,264.08,264.155,2956,39,264.1586,MSFT
2022-06-24 14:44:00+00:00,264.44,264.51,264.33,264.33,1992,20,264.439688,MSFT
2022-06-24 14:43:00+00:00,264.5,264.645,264.46,264.46,2201,29,264.531579,MSFT
2022-06-24 14:42:00+00:00,264.3,264.3,264.185,264.28,1820,37,264.2445,MSFT
2022-06-24 14:41:00+00:00,264.42,264.51,264.21,264.35,2529,31,264.368016,MSFT
2022-06-24 14:40:00+00:00,264.71,264.73,264.59,264.59,1546,20,264.669615,MSFT
2022-06-24 14:39:00+00:00,264.7,264.79,264.7,264.73,2134,24,264.731944,MSFT
2022-06-24 14:38:00+00:00,264.77,264.775,264.67,264.69,1722,24,264.72782,MSFT
2022-06-24 14:37:00+00:00,264.545,264.72,264.46,264.7,2686,35,264.543988,MSFT
2022-06-24 14:36:00+00:00,265.01,265.01,264.49,264.55,4879,58,264.762484,MSFT
2022-06-24 14:35:00+00:00,265.23,265.27,264.99,264.99,5045,47,265.157837,MSFT
2022-06-24 14:34:00+00:00,265.11,265.22,265.1,265.1,2734,37,265.15614,MSFT
2022-06-24 14:33:00+00:00,265.125,265.23,265.03,265.06,3972,44,265.142353,MSFT
2022-06-24 14:32:00+00:00,265.48,265.52,265.17,265.17,2560,27,265.378478,MSFT
2022-06-24 14:31:00+00:00,265.83,265.83,265.565,265.565,937,9,265.666667,MSFT
2022-06-24 14:30:00+00:00,265.71,265.87,265.71,265.82,2545,31,265.777953,MSFT
2022-06-24 14:29:00+00:00,265.82,265.83,265.57,265.61,4143,42,265.687927,MSFT
2022-06-24 14:28:00+00:00,265.8,265.83,265.625,265.83,1912,31,265.749615,MSFT
2022-06-24 14:27:00+00:00,265.525,265.81,265.52,265.81,4422,62,265.648817,MSFT
2022-06-24 14:26:00+00:00,265.99,266.05,265.46,265.47,3025,50,265.840227,MSFT
2022-06-24 14:25:00+00:00,266.1,266.12,265.855,265.96,3875,68,265.971071,MSFT
2022-06-24 14:24:00+00:00,266.21,266.35,266.06,266.11,1878,51,266.170534,MSFT
2022-06-24 14:23:00+00:00,266.36,266.36,266.18,266.3,2594,50,266.304167,MSFT
2022-06-24 14:22:00+00:00,266.35,266.36,266.24,266.28,1825,42,266.310656,MSFT
2022-06-24 14:21:00+00:00,266.04,266.2,266.02,266.2,1558,39,266.103889,MSFT
2022-06-24 14:20:00+00:00,266.01,266.22,265.94,266.22,1364,21,266.098898,MSFT
2022-06-24 14:19:00+00:00,266.12,266.195,265.99,265.99,3424,39,266.111011,MSFT
2022-06-24 14:18:00+00:00,265.81,266.11,265.81,266.11,2131,30,265.910526,MSFT
2022-06-24 14:17:00+00:00,265.66,265.94,265.65,265.85,3305,24,265.801674,MSFT
2022-06-24 14:16:00+00:00,266.01,266.09,265.655,265.655,3048,52,265.870355,MSFT
2022-06-24 14:15:00+00:00,265.75,266.12,265.75,266.12,2753,57,266.00184,MSFT
2022-06-24 14:14:00+00:00,265.71,265.71,265.64,265.665,3625,38,265.648237,MSFT
2022-06-24 14:13:00+00:00,265.92,265.98,265.79,265.79,2454,43,265.925556,MSFT
2022-06-24 14:12:00+00:00,266.06,266.18,265.96,265.96,3772,59,266.124568,MSFT
2022-06-24 14:11:00+00:00,266.32,266.32,265.98,266.14,2345,32,266.098394,MSFT
2022-06-24 14:10:00+00:00,266.55,266.68,266.325,266.325,2684,49,266.49125,MSFT
2022-06-24 14:09:00+00:00,266.46,266.73,266.46,266.54,2793,40,266.602917,MSFT
2022-06-24 14:08:00+00:00,266.27,266.34,266.135,266.265,1869,24,266.246176,MSFT
2022-06-24 14:07:00+00:00,266.26,266.36,266.12,266.25,4809,42,266.234659,MSFT
2022-06-24 14:06:00+00:00,266.425,266.44,266.22,266.22,2753,26,266.314547,MSFT
2022-06-24 14:05:00+00:00,266.05,266.43,266.05,266.41,2632,39,266.233,MSFT
2022-06-24 14:04:00+00:00,265.995,266.06,265.7,266.06,3404,42,265.944798,MSFT
2022-06-24 14:03:00+00:00,265.93,266.15,265.93,266.01,5539,56,266.041132,MSFT
2022-06-24 14:02:00+00:00,265.575,266.125,265.575,265.94,2600,31,265.920435,MSFT
2022-06-24 14:01:00+00:00,265.16,265.46,265.055,265.39,11657,89,265.306809,MSFT
2022-06-24 14:00:00+00:00,264.21,265.34,264.21,265.12,22124,228,264.839069,MSFT
2022-06-24 13:59:00+00:00,264.24,264.29,264.07,264.175,3401,42,264.177759,MSFT
2022-06-24 13:58:00+00:00,264.34,264.45,264.29,264.29,3068,36,264.3536,MSFT
2022-06-24 13:57:00+00:00,264.58,264.625,264.43,264.43,2177,18,264.589167,MSFT
2022-06-24 13:56:00+00:00,264.75,264.79,264.53,264.53,1736,25,264.708214,MSFT
2022-06-24 13:55:00+00:00,264.91,264.915,264.66,264.66,16554,60,264.783409,MSFT
2022-06-24 13:54:00+00:00,265.02,265.23,264.89,264.97,2308,24,265.016316,MSFT
2022-06-24 13:53:00+00:00,265.17,265.29,265.0,265.0,6609,53,265.130546,MSFT
2022-06-24 13:52:00+00:00,265.285,265.315,265.11,265.17,3117,36,265.243945,MSFT
2022-06-24 13:51:00+00:00,265.425,265.59,265.17,265.23,1158,18,265.393778,MSFT
2022-06-24 13:50:00+00:00,265.57,265.655,265.4,265.545,1133,12,265.535134,MSFT
2022-06-24 13:49:00+00:00,264.95,265.67,264.95,265.59,5479,54,265.51324,MSFT
2022-06-24 13:48:00+00:00,265.19,265.255,264.9,264.9,1571,24,265.09875,MSFT
2022-06-24 13:47:00+00:00,265.55,265.55,265.21,265.31,2906,44,265.411022,MSFT
2022-06-24 13:46:00+00:00,265.87,265.87,265.36,265.38,2268,34,265.653447,MSFT
2022-06-24 13:45:00+00:00,265.915,266.275,265.75,265.79,3254,40,265.970432,MSFT
2022-06-24 13:44:00+00:00,265.915,265.99,265.8,265.94,3349,32,265.883894,MSFT
2022-06-24 13:43:00+00:00,266.0,266.07,265.795,265.83,3301,34,265.907712,MSFT
2022-06-24 13:42:00+00:00,266.36,266.4,265.86,265.88,6361,88,266.195111,MSFT
2022-06-24 13:41:00+00:00,265.875,266.48,265.875,266.37,5656,75,266.156203,MSFT
2022-06-24 13:40:00+00:00,265.94,266.13,265.83,265.94,11764,81,265.980695,MSFT
2022-06-24 13:39:00+00:00,265.365,265.97,265.365,265.89,5709,48,265.718047,MSFT
2022-06-24 13:38:00+00:00,265.2,265.51,265.065,265.28,9529,121,265.237419,MSFT
2022-06-24 13:37:00+00:00,265.16,265.48,265.125,265.23,2997,47,265.281957,MSFT
2022-06-24 13:36:00+00:00,265.22,265.47,265.16,265.21,8369,99,265.30211,MSFT
2022-06-24 13:35:00+00:00,264.86,265.4,264.84,265.265,7913,109,265.184979,MSFT
2022-06-24 13:34:00+00:00,264.12,264.88,263.95,264.78,11821,124,264.484683,MSFT
2022-06-24 13:33:00+00:00,264.155,264.395,263.85,263.96,6996,85,264.078875,MSFT
2022-06-24 13:32:00+00:00,263.61,264.3,263.61,264.17,18735,94,263.94801,MSFT
2022-06-24 13:31:00+00:00,262.83,263.34,262.63,263.025,21371,125,262.918828,MSFT
2022-06-24 13:30:00+00:00,261.78,262.79,261.77,262.79,13677,190,262.283429,MSFT
2022-06-23 19:59:00+00:00,259.02,259.3,258.9,258.9,16330,192,259.09997,MSFT
2022-06-23 19:58:00+00:00,258.94,259.075,258.85,259.03,7649,108,258.954575,MSFT
2022-06-23 19:57:00+00:00,258.7,259.01,258.66,258.955,7315,88,258.846232,MSFT
2022-06-23 19:56:00+00:00,258.845,258.87,258.65,258.74,7114,79,258.746308,MSFT
2022-06-23 19:55:00+00:00,258.595,258.86,258.595,258.835,14861,124,258.726579,MSFT
2022-06-23 19:54:00+00:00,258.96,258.96,258.54,258.61,6184,68,258.748936,MSFT
2022-06-23 19:53:00+00:00,258.97,259.12,258.955,258.985,6048,60,259.026605,MSFT
2022-06-23 19:52:00+00:00,259.255,259.29,258.935,258.94,5982,70,259.042741,MSFT
2022-06-23 19:51:00+00:00,259.085,259.34,258.995,259.27,4664,56,259.126774,MSFT
2022-06-23 19:50:00+00:00,259.175,259.2,259.01,259.08,6361,73,259.078973,MSFT
2022-06-23 19:49:00+00:00,258.9,259.08,258.9,259.06,2896,46,259.0196,MSFT
2022-06-23 19:48:00+00:00,258.96,258.99,258.7,258.86,4078,53,258.880898,MSFT
2022-06-23 19:47:00+00:00,258.885,259.12,258.845,258.89,5353,73,258.948165,MSFT
2022-06-23 19:46:00+00:00,258.75,258.9,258.75,258.89,3695,48,258.85629,MSFT
2022-06-23 19:45:00+00:00,258.605,258.85,258.58,258.71,3554,49,258.714775,MSFT
2022-06-23 19:44:00+00:00,258.72,258.72,258.585,258.585,1445,21,258.683077,MSFT
2022-06-23 19:43:00+00:00,258.61,258.68,258.595,258.68,1849,28,258.640938,MSFT
2022-06-23 19:42:00+00:00,258.62,258.765,258.6,258.63,2916,35,258.699717,MSFT
2022-06-23 19:41:00+00:00,258.57,258.58,258.42,258.51,3572,54,258.525031,MSFT
2022-06-23 19:40:00+00:00,258.19,258.59,258.09,258.59,4700,57,258.346711,MSFT
2022-06-23 19:39:00+00:00,258.19,258.25,258.09,258.17,3026,38,258.170577,MSFT
2022-06-23 19:38:00+00:00,258.45,258.47,258.19,258.2,2532,34,258.307733,MSFT
2022-06-23 19:37:00+00:00,258.28,258.41,258.195,258.41,5485,60,258.312284,MSFT
2022-06-23 19:36:00+00:00,258.565,258.565,258.33,258.33,3339,41,258.440333,MSFT
2022-06-23 19:35:00+00:00,258.795,258.8,258.44,258.49,5244,72,258.702979,MSFT
2022-06-23 19:34:00+00:00,258.73,258.81,258.725,258.76,10225,106,258.769258,MSFT
2022-06-23 19:33:00+00:00,258.6,258.77,258.585,258.71,5143,59,258.672983,MSFT
2022-06-23 19:32:00+00:00,258.5,258.61,258.49,258.605,3234,38,258.547679,MSFT
2022-06-23 19:31:00+00:00,258.26,258.54,258.26,258.48,4716,52,258.406472,MSFT
2022-06-23 19:30:00+00:00,258.0,258.24,257.97,258.24,2877,36,258.140847,MSFT
2022-06-23 19:29:00+00:00,258.15,258.2,258.0,258.04,3125,41,258.122222,MSFT
2022-06-23 19:28:00+00:00,258.1,258.24,258.095,258.17,2030,28,258.166944,MSFT
2022-06-23 19:27:00+00:00,257.985,258.135,257.985,258.04,2780,35,258.091087,MSFT
2022-06-23 19:26:00+00:00,257.98,258.175,257.98,258.0,3981,40,258.086842,MSFT
2022-06-23 19:25:00+00:00,257.81,257.94,257.74,257.93,3222,34,257.825,MSFT
2022-06-23 19:24:00+00:00,258.005,258.05,257.8,257.82,2819,29,257.977342,MSFT
2022-06-23 19:23:00+00:00,258.07,258.08,257.9,258.0,4441,35,257.974545,MSFT
2022-06-23 19:22:00+00:00,257.945,258.14,257.945,258.1,966,17,258.087678,MSFT
2022-06-23 19:21:00+00:00,257.91,257.94,257.82,257.935,1188,19,257.906818,MSFT
2022-06-23 19:20:00+00:00,257.845,258.0,257.78,257.99,2169,27,257.909067,MSFT
2022-06-23 19:19:00+00:00,257.605,257.835,257.605,257.825,2082,22,257.75,MSFT
2022-06-23 19:18:00+00:00,257.85,257.865,257.6,257.61,3618,35,257.663611,MSFT
2022-06-23 19:17:00+00:00,258.09,258.09,257.88,257.88,2701,36,258.010019,MSFT
2022-06-23 19:16:00+00:00,258.13,258.16,258.02,258.05,1919,27,258.102188,MSFT
2022-06-23 19:15:00+00:00,258.31,258.36,258.15,258.15,6431,58,258.278197,MSFT
2022-06-23 19:14:00+00:00,258.22,258.34,258.19,258.34,2923,33,258.257963,MSFT
2022-06-23 19:13:00+00:00,258.37,258.375,258.22,258.22,3244,25,258.343483,MSFT
2022-06-23 19:12:00+00:00,258.21,258.43,258.21,258.43,2377,20,258.293913,MSFT
2022-06-23 19:11:00+00:00,258.36,258.36,258.12,258.19,3860,21,258.183472,MSFT
2022-06-23 19:10:00+00:00,258.35,258.35,258.29,258.3,2207,21,258.316842,MSFT
2022-06-23 19:09:00+00:00,258.21,258.28,258.2,258.28,1569,19,258.225,MSFT
2022-06-23 19:08:00+00:00,258.32,258.35,258.265,258.29,4316,24,258.323601,MSFT
2022-06-23 19:07:00+00:00,258.415,258.53,258.33,258.33,5396,39,258.426214,MSFT
2022-06-23 19:06:00+00:00,258.17,258.385,258.15,258.385,2686,24,258.26625,MSFT
2022-06-23 19:05:00+00:00,258.21,258.27,258.21,258.23,1598,16,258.232628,MSFT
2022-06-23 19:04:00+00:00,258.11,258.27,258.1,258.22,2022,19,258.181053,MSFT
2022-06-23 19:03:00+00:00,258.02,258.16,258.0,258.07,5499,23,258.066599,MSFT
2022-06-23 19:02:00+00:00,257.96,258.13,257.96,258.06,3468,38,258.045536,MSFT
2022-06-23 19:01:00+00:00,257.77,257.94,257.63,257.935,1869,22,257.749765,MSFT
2022-06-23 19:00:00+00:00,257.93,257.93,257.82,257.83,2853,27,257.880192,MSFT
2022-06-23 18:59:00+00:00,258.0,258.0,257.915,257.915,1164,16,257.939,MSFT
2022-06-23 18:58:00+00:00,257.9,258.06,257.88,258.045,2022,19,257.971842,MSFT
2022-06-23 18:57:00+00:00,257.825,257.9,257.77,257.88,2787,24,257.828185,MSFT
2022-06-23 18:56:00+00:00,257.82,257.865,257.82,257.85,1789,20,257.847333,MSFT
2022-06-23 18:55:00+00:00,257.79,257.825,257.75,257.825,1531,14,257.763514,MSFT
2022-06-23 18:54:00+00:00,257.79,257.86,257.79,257.86,1300,11,257.838333,MSFT
2022-06-23 18:53:00+00:00,257.76,257.82,257.76,257.82,1621,13,257.793486,MSFT
2022-06-23 18:52:00+00:00,257.85,257.865,257.83,257.83,1041,11,257.851476,MSFT
2022-06-23 18:51:00+00:00,257.92,257.92,257.84,257.84,3793,14,257.879737,MSFT
2022-06-23 18:50:00+00:00,257.85,257.93,257.85,257.9,2300,6,257.918043,MSFT
2022-06-23 18:49:00+00:00,257.875,257.875,257.73,257.73,1246,12,257.769583,MSFT
2022-06-23 18:48:00+00:00,257.82,257.9,257.82,257.87,3006,14,257.866074,MSFT
2022-06-23 18:47:00+00:00,257.695,257.74,257.655,257.72,1297,18,257.701818,MSFT
2022-06-23 18:46:00+00:00,257.74,257.74,257.72,257.72,632,6,257.736667,MSFT
2022-06-23 18:45:00+00:00,257.87,257.87,257.785,257.785,612,14,257.83625,MSFT
2022-06-23 18:44:00+00:00,257.92,257.94,257.88,257.88,1948,29,257.917333,MSFT
2022-06-23 18:43:00+00:00,258.015,258.03,257.88,257.88,1619,32,257.962323,MSFT
2022-06-23 18:42:00+00:00,257.89,258.09,257.89,257.99,3206,31,257.953387,MSFT
2022-06-23 18:41:00+00:00,258.11,258.16,257.985,257.985,3978,44,258.099583,MSFT
2022-06-23 18:40:00+00:00,258.31,258.33,258.11,258.13,2155,31,258.214722,MSFT
2022-06-23 18:39:00+00:00,258.36,258.36,257.97,258.3,3311,47,258.109693,MSFT
2022-06-23 18:38:00+00:00,258.28,258.315,258.27,258.27,1522,11,258.291786,MSFT
2022-06-23 18:37:00+00:00,258.05,258.19,258.045,258.17,2637,30,258.119177,MSFT
2022-06-23 18:36:00+00:00,257.99,258.055,257.97,258.0,2556,17,258.0184,MSFT
2022-06-23 18:35:00+00:00,257.96,258.03,257.96,258.01,2176,27,258.01322,MSFT
2022-06-23 18:34:00+00:00,257.975,258.06,257.975,258.005,1348,19,258.0145,MSFT
2022-06-23 18:33:00+00:00,257.945,258.01,257.945,257.96,1261,23,257.972059,MSFT
2022-06-23 18:32:00+00:00,257.81,257.98,257.81,257.92,2158,22,257.889279,MSFT
2022-06-23 18:31:00+00:00,257.71,257.89,257.71,257.76,3956,45,257.805014,MSFT
2022-06-23 18:30:00+00:00,257.61,257.8,257.555,257.73,2481,28,257.647727,MSFT
2022-06-23 18:29:00+00:00,257.715,257.715,257.6,257.615,2311,34,257.656505,MSFT
2022-06-23 18:28:00+00:00,257.46,257.77,257.45,257.72,3536,37,257.65171,MSFT
2022-06-23 18:27:00+00:00,257.38,257.44,257.375,257.43,2550,23,257.4108,MSFT
2022-06-23 18:26:00+00:00,257.285,257.36,257.28,257.35,2615,21,257.312559,MSFT
2022-06-23 18:25:00+00:00,257.24,257.4,257.24,257.33,3155,38,257.332857,MSFT
2022-06-23 18:24:00+00:00,257.35,257.35,257.215,257.215,1748,16,257.267,MSFT
2022-06-23 18:23:00+00:00,257.17,257.44,257.16,257.44,1218,14,257.240455,MSFT
2022-06-23 18:22:00+00:00,257.11,257.24,257.1,257.17,2930,21,257.185893,MSFT
2022-06-23 18:21:00+00:00,256.97,257.06,256.97,257.03,1697,13,257.018681,MSFT
2022-06-23 18:20:00+00:00,257.1,257.18,257.01,257.04,2407,26,257.114762,MSFT
2022-06-23 18:19:00+00:00,257.055,257.085,256.97,257.085,2885,24,257.034203,MSFT
2022-06-23 18:18:00+00:00,257.125,257.13,257.05,257.065,1689,14,257.075313,MSFT
2022-06-23 18:17:00+00:00,257.15,257.19,257.15,257.18,723,11,257.171667,MSFT
2022-06-23 18:16:00+00:00,257.26,257.26,257.165,257.165,810,11,257.218125,MSFT
2022-06-23 18:15:00+00:00,257.19,257.19,257.1,257.1,1067,10,257.147,MSFT
2022-06-23 18:14:00+00:00,257.29,257.29,257.16,257.2,820,8,257.21125,MSFT
2022-06-23 18:13:00+00:00,257.29,257.42,257.24,257.3,1959,17,257.328698,MSFT
2022-06-23 18:12:00+00:00,257.29,257.3,257.24,257.26,601,6,257.278333,MSFT
2022-06-23 18:11:00+00:00,257.26,257.26,257.12,257.22,1032,15,257.205,MSFT
2022-06-23 18:10:00+00:00,257.32,257.38,257.25,257.34,1000,10,257.3265,MSFT
2022-06-23 18:09:00+00:00,257.25,257.265,257.24,257.265,381,5,257.251842,MSFT
2022-06-23 18:08:00+00:00,257.31,257.34,257.15,257.15,1286,16,257.260455,MSFT
2022-06-23 18:07:00+00:00,257.19,257.345,257.14,257.285,1188,15,257.269,MSFT
2022-06-23 18:06:00+00:00,257.14,257.295,257.12,257.295,1704,19,257.189667,MSFT
2022-06-23 18:05:00+00:00,257.09,257.13,257.07,257.13,1614,15,257.095,MSFT
2022-06-23 18:04:00+00:00,257.01,257.23,257.01,257.23,582,9,257.124,MSFT
2022-06-23 18:03:00+00:00,257.1,257.1,256.885,256.92,1670,29,256.976667,MSFT
2022-06-23 18:02:00+00:00,257.08,257.19,257.03,257.17,1373,23,257.114545,MSFT
2022-06-23 18:01:00+00:00,256.96,257.06,256.96,257.02,1015,16,257.022857,MSFT
2022-06-23 18:00:00+00:00,257.01,257.01,256.83,256.94,1712,18,256.901691,MSFT
2022-06-23 17:59:00+00:00,256.8,257.025,256.8,257.0,1087,12,256.8985,MSFT
2022-06-23 17:58:00+00:00,256.74,256.83,256.68,256.76,3914,44,256.765323,MSFT
2022-06-23 17:57:00+00:00,256.895,256.895,256.74,256.74,3812,30,256.821081,MSFT
2022-06-23 17:56:00+00:00,256.99,256.99,256.84,256.875,1042,12,256.907222,MSFT
2022-06-23 17:55:00+00:00,256.89,256.92,256.88,256.89,501,6,256.895,MSFT
2022-06-23 17:54:00+00:00,256.755,256.82,256.725,256.82,557,7,256.788,MSFT
2022-06-23 17:53:00+00:00,256.67,256.7,256.67,256.7,275,4,256.685,MSFT
2022-06-23 17:52:00+00:00,256.735,256.735,256.57,256.57,1433,19,256.685625,MSFT
2022-06-23 17:51:00+00:00,256.61,256.8,256.53,256.8,1687,22,256.627383,MSFT
2022-06-23 17:50:00+00:00,256.35,256.585,256.31,256.58,1307,16,256.42625,MSFT
2022-06-23 17:49:00+00:00,256.22,256.34,256.15,256.34,1866,22,256.213233,MSFT
2022-06-23 17:48:00+00:00,256.335,256.34,256.23,256.23,1167,14,256.282918,MSFT
2022-06-23 17:47:00+00:00,256.26,256.34,256.26,256.34,1048,26,256.311292,MSFT
2022-06-23 17:46:00+00:00,255.86,256.18,255.86,256.115,3229,21,256.094167,MSFT
2022-06-23 17:45:00+00:00,256.06,256.06,255.9,255.9,1105,11,255.988745,MSFT
2022-06-23 17:44:00+00:00,256.06,256.11,256.02,256.08,938,12,256.07,MSFT
2022-06-23 17:43:00+00:00,255.84,256.0,255.81,256.0,1353,15,255.88178,MSFT
2022-06-23 17:42:00+00:00,256.04,256.04,255.88,255.9,2698,26,255.9288,MSFT
2022-06-23 17:41:00+00:00,256.13,256.18,256.13,256.155,1824,17,256.154749,MSFT
2022-06-23 17:40:00+00:00,256.24,256.32,256.225,256.245,805,11,256.278333,MSFT
2022-06-23 17:39:00+00:00,256.24,256.24,256.11,256.13,1089,11,256.141,MSFT
2022-06-23 17:38:00+00:00,256.24,256.24,256.24,256.24,102,2,256.24,MSFT
2022-06-23 17:37:00+00:00,256.38,256.43,256.36,256.38,1445,17,256.381923,MSFT
2022-06-23 17:36:00+00:00,256.55,256.59,256.5,256.5,410,6,256.5525,MSFT
2022-06-23 17:35:00+00:00,256.47,256.535,256.47,256.51,1075,17,256.509286,MSFT
2022-06-23 17:34:00+00:00,256.22,256.4,256.22,256.38,1801,17,256.288963,MSFT
2022-06-23 17:33:00+00:00,256.29,256.29,256.24,256.24,924,12,256.260556,MSFT
2022-06-23 17:32:00+00:00,256.31,256.43,256.295,256.43,522,13,256.34875,MSFT
2022-06-23 17:31:00+00:00,256.29,256.38,256.245,256.245,701,8,256.306429,MSFT
2022-06-23 17:30:00+00:00,256.26,256.37,256.26,256.32,1214,14,256.339545,MSFT
2022-06-23 17:29:00+00:00,256.07,256.16,256.065,256.15,1968,27,256.104304,MSFT
2022-06-23 17:28:00+00:00,256.2,256.2,255.95,255.95,1239,10,256.0125,MSFT
2022-06-23 17:27:00+00:00,256.12,256.23,256.1,256.2,740,13,256.166667,MSFT
2022-06-23 17:26:00+00:00,256.24,256.24,256.195,256.195,294,6,256.2175,MSFT
2022-06-23 17:25:00+00:00,256.17,256.27,256.17,256.24,1317,13,256.205385,MSFT
2022-06-23 17:24:00+00:00,256.34,256.36,256.17,256.17,502,6,256.302,MSFT
2022-06-23 17:23:00+00:00,256.18,256.515,256.18,256.32,2427,34,256.313684,MSFT
2022-06-23 17:22:00+00:00,256.09,256.11,256.09,256.11,535,7,256.106,MSFT
2022-06-23 17:21:00+00:00,256.09,256.09,255.9,255.985,1360,13,255.949867,MSFT
2022-06-23 17:20:00+00:00,256.3,256.3,256.12,256.12,1278,17,256.215336,MSFT
2022-06-23 17:19:00+00:00,256.24,256.365,256.24,256.33,632,15,256.319,MSFT
2022-06-23 17:18:00+00:00,256.32,256.4,256.18,256.18,1752,31,256.273786,MSFT
2022-06-23 17:17:00+00:00,256.24,256.37,256.24,256.31,1162,19,256.312731,MSFT
2022-06-23 17:16:00+00:00,256.145,256.24,256.09,256.23,1854,18,256.147647,MSFT
2022-06-23 17:15:00+00:00,256.09,256.29,256.09,256.1,2737,18,256.133462,MSFT
2022-06-23 17:14:00+00:00,256.17,256.17,256.02,256.07,2023,21,256.105833,MSFT
2022-06-23 17:13:00+00:00,256.28,256.285,256.13,256.18,1816,20,256.232,MSFT
2022-06-23 17:12:00+00:00,256.34,256.39,256.22,256.29,2869,34,256.303501,MSFT
2022-06-23 17:11:00+00:00,256.04,256.29,256.0,256.29,1637,17,256.135333,MSFT
2022-06-23 17:10:00+00:00,255.96,256.04,255.96,256.04,816,12,256.008571,MSFT
2022-06-23 17:09:00+00:00,255.9,256.08,255.9,255.96,984,17,256.01,MSFT
2022-06-23 17:08:00+00:00,255.85,255.88,255.8,255.81,1095,13,255.826667,MSFT
2022-06-23 17:07:00+00:00,255.55,255.94,255.55,255.87,3283,40,255.807213,MSFT
2022-06-23 17:06:00+00:00,255.41,255.56,255.41,255.56,1441,24,255.513,MSFT
2022-06-23 17:05:00+00:00,255.11,255.41,255.11,255.41,1574,17,255.31,MSFT
2022-06-23 17:04:00+00:00,254.9,255.19,254.9,255.06,1103,16,255.061496,MSFT
2022-06-23 17:03:00+00:00,255.08,255.08,254.94,254.94,844,10,254.995714,MSFT
2022-06-23 17:02:00+00:00,254.98,255.14,254.98,255.12,813,12,255.048333,MSFT
2022-06-23 17:01:00+00:00,255.03,255.07,254.965,255.07,1608,31,255.023479,MSFT
2022-06-23 17:00:00+00:00,255.35,255.35,255.16,255.25,1117,12,255.254545,MSFT
2022-06-23 16:59:00+00:00,255.36,255.36,255.36,255.36,150,6,255.36,MSFT
2022-06-23 16:58:00+00:00,255.31,255.41,255.31,255.355,794,12,255.370833,MSFT
2022-06-23 16:57:00+00:00,255.455,255.455,255.27,255.27,862,10,255.35875,MSFT
2022-06-23 16:56:00+00:00,255.35,255.47,255.35,255.47,1584,17,255.421071,MSFT
2022-06-23 16:55:00+00:00,255.295,255.44,255.295,255.4,1825,12,255.377267,MSFT
2022-06-23 16:54:00+00:00,255.48,255.55,255.41,255.41,1234,14,255.451667,MSFT
2022-06-23 16:53:00+00:00,255.24,255.46,255.015,255.44,3027,24,255.278923,MSFT
2022-06-23 16:52:00+00:00,255.31,255.34,255.22,255.22,1224,10,255.297273,MSFT
2022-06-23 16:51:00+00:00,255.27,255.29,255.23,255.29,700,6,255.247857,MSFT
2022-06-23 16:50:00+00:00,255.33,255.35,255.24,255.24,1905,19,255.310882,MSFT
2022-06-23 16:49:00+00:00,255.46,255.53,255.38,255.38,1164,16,255.446,MSFT
2022-06-23 16:48:00+00:00,255.18,255.39,255.18,255.38,5646,29,255.304135,MSFT
2022-06-23 16:47:00+00:00,254.96,255.16,254.96,255.16,1077,11,255.084,MSFT
2022-06-23 16:46:00+00:00,255.06,255.06,254.98,254.98,432,7,255.01625,MSFT
2022-06-23 16:45:00+00:00,255.14,255.14,254.96,254.99,862,10,255.01625,MSFT
2022-06-23 16:44:00+00:00,255.04,255.24,255.01,255.175,2408,22,255.09913,MSFT
2022-06-23 16:43:00+00:00,255.22,255.23,255.05,255.05,1677,21,255.140385,MSFT
2022-06-23 16:42:00+00:00,255.28,255.29,255.18,255.29,2156,26,255.246389,MSFT
2022-06-23 16:41:00+00:00,255.41,255.73,255.38,255.38,3172,35,255.515002,MSFT
2022-06-23 16:40:00+00:00,255.27,255.31,255.18,255.31,763,12,255.242143,MSFT
2022-06-23 16:39:00+00:00,255.355,255.355,255.29,255.29,1350,18,255.339921,MSFT
2022-06-23 16:38:00+00:00,255.34,255.42,255.28,255.28,860,10,255.3486,MSFT
2022-06-23 16:37:00+00:00,255.58,255.58,255.41,255.41,532,7,255.462192,MSFT
2022-06-23 16:36:00+00:00,255.54,255.63,255.54,255.63,364,10,255.58,MSFT
2022-06-23 16:35:00+00:00,255.89,255.95,255.64,255.64,925,12,255.776875,MSFT
2022-06-23 16:34:00+00:00,255.94,255.94,255.74,255.74,375,4,255.816667,MSFT
2022-06-23 16:33:00+00:00,256.03,256.04,255.89,256.04,1490,18,255.99074,MSFT
2022-06-23 16:32:00+00:00,256.2,256.2,256.085,256.085,383,9,256.1425,MSFT
2022-06-23 16:31:00+00:00,256.4,256.41,256.08,256.08,1774,25,256.293214,MSFT
2022-06-23 16:30:00+00:00,256.33,256.375,256.26,256.37,1483,17,256.309231,MSFT
2022-06-23 16:29:00+00:00,256.325,256.325,256.325,256.325,100,1,256.325,MSFT
2022-06-23 16:28:00+00:00,256.48,256.55,256.2,256.2,1436,24,256.414545,MSFT
2022-06-23 16:27:00+00:00,256.26,256.48,256.25,256.48,1099,12,256.332,MSFT
2022-06-23 16:26:00+00:00,256.28,256.28,256.235,256.235,307,3,256.265,MSFT
2022-06-23 16:25:00+00:00,256.21,256.31,256.19,256.31,715,9,256.231429,MSFT
2022-06-23 16:24:00+00:00,256.125,256.25,256.125,256.25,1000,12,256.226855,MSFT
2022-06-23 16:23:00+00:00,256.32,256.34,256.08,256.08,1555,22,256.248077,MSFT
2022-06-23 16:22:00+00:00,256.43,256.44,256.39,256.39,806,10,256.408571,MSFT
2022-06-23 16:21:00+00:00,256.39,256.47,256.37,256.47,1067,19,256.412857,MSFT
2022-06-23 16:20:00+00:00,256.15,256.33,256.15,256.33,1324,16,256.243636,MSFT
2022-06-23 16:19:00+00:00,256.26,256.27,256.095,256.095,1017,10,256.193113,MSFT
2022-06-23 16:18:00+00:00,255.925,256.19,255.925,256.19,1400,16,256.067308,MSFT
2022-06-23 16:17:00+00:00,255.78,255.93,255.78,255.9,1129,15,255.882,MSFT
2022-06-23 16:16:00+00:00,255.64,255.76,255.64,255.74,800,7,255.72125,MSFT
2022-06-23 16:15:00+00:00,255.66,255.7,255.6,255.69,1453,14,255.66988,MSFT
2022-06-23 16:14:00+00:00,255.71,255.86,255.71,255.73,2112,23,255.794874,MSFT
2022-06-23 16:13:00+00:00,255.59,255.745,255.59,255.67,5554,34,255.684397,MSFT
